baskets.slices,entry.dip_vol_mult,exit.lot_tp_vol_mult,exit.upday_sell_frac,regime.bear_max_baskets,cagr,mdd,calmar,worst_year,is_calmar,is_mdd,oos25_cagr,oos25_mdd
4,0.0,0.5,0.0,0,0.03814782417927254,-0.4968339217543869,0.076781843004132,-0.2212131560293884,-0.05942394433103936,-0.4968339217543869,0.040072482079952065,-0.3832138403620987
4,0.0,0.5,0.0,1,0.03924819865303619,-0.4906650546793677,0.07998979808880725,-0.2270215744021381,-0.056350221562055026,-0.4906650546793677,0.044959113598853184,-0.3791318147620336
4,0.0,0.5,0.1,0,0.032558831229142715,-0.46014745939834945,0.0707573856252818,-0.14779725440108427,-0.05672994444594439,-0.46014745939834945,0.04192311508042401,-0.3106704139633203
4,0.0,0.5,0.1,1,0.033756322581445675,-0.43882249838830945,0.07692477643107318,-0.1508078623823229,-0.04549372343091511,-0.43882249838830945,0.03523819740699885,-0.30491033816710233
4,0.0,0.5,0.2,0,0.03150187207941402,-0.4122971744489963,0.07640574331248781,-0.1265087151884423,-0.05757925873955475,-0.4122971744489963,0.039568865616072424,-0.2501317445046466
4,0.0,0.5,0.2,1,0.03134439804512912,-0.42000104136832517,0.07462933411548676,-0.13635629153110085,-0.049249431611067096,-0.41193235374030834,0.03291918408088779,-0.3159991524489002
4,0.0,1.0,0.0,0,0.03592491250887053,-0.4968339217543869,0.07230768861758648,-0.22121315602939018,-0.05942394433103936,-0.4968339217543869,0.04006705626351037,-0.3832962306745491
4,0.0,1.0,0.0,1,0.040370417830439376,-0.4906650546793677,0.08227693707843127,-0.22702157440213921,-0.056350221562055026,-0.4906650546793677,0.04585574391193559,-0.37913047940423183
4,0.0,1.0,0.1,0,0.03583557969459661,-0.46014745939834945,0.07787846909217369,-0.14779725440108427,-0.05672994444594439,-0.46014745939834945,0.04210463090954919,-0.31067781032529873
4,0.0,1.0,0.1,1,0.03746241721015542,-0.4381782689216456,0.08549583552454627,-0.14974126391579978,-0.04519700931387009,-0.4381782689216456,0.03615175213736155,-0.30102480358911077
4,0.0,1.0,0.2,0,0.03521381812506297,-0.4122971744489963,0.08540882719393736,-0.1265087151884423,-0.05757925873955475,-0.4122971744489963,0.03922811412514493,-0.2501317445046466
4,0.0,1.0,0.2,1,0.03643854905937349,-0.41182472718592145,0.08848072166128827,-0.13635629153110207,-0.04772585432095045,-0.4085893140040694,0.034578311445050414,-0.3102776365151715
4,0.0,1.5,0.0,0,0.02434601195259578,-0.49344202441786134,0.0493391538374098,-0.22541730517298852,-0.05795943633859048,-0.49344202441786134,0.04046943971396599,-0.3891596050670494
4,0.0,1.5,0.0,1,0.02558821723167215,-0.49069455738075063,0.05214693508780284,-0.23453716070331065,-0.05477059209703168,-0.49069455738075063,0.039053142123639306,-0.3951233953717841
4,0.0,1.5,0.1,0,0.03868985283913062,-0.45313155440913455,0.08538326775671283,-0.1830822176934116,-0.05130825489359187,-0.45313155440913455,0.03508484264111811,-0.3433777135507411
4,0.0,1.5,0.1,1,0.03996256964893807,-0.42530249424681943,0.0939626975847131,-0.19164493814066652,-0.03414317637634469,-0.42530249424681943,0.029218223902000018,-0.3404863494462381
4,0.0,1.5,0.2,0,0.0336311381270904,-0.3989931528642836,0.08429001321366017,-0.13301393629068725,-0.04492807277236573,-0.3989931528642836,0.02813211886286182,-0.2845809534710978
4,0.0,1.5,0.2,1,0.03521092939222625,-0.40951347587912634,0.0859823460427936,-0.14085606317763044,-0.028863549892842393,-0.4037025542014331,0.02171288991832343,-0.31568687958961184
4,0.25,0.5,0.0,0,0.04020857799297173,-0.4671021061445947,0.08608091777801764,-0.19672255342199318,-0.07784227204991126,-0.4671021061445947,0.06059326712462365,-0.34058555552237557
4,0.25,0.5,0.0,1,0.039268875651883306,-0.46248702648739104,0.0849080588273624,-0.2004028061632246,-0.06690716166893375,-0.46248702648739104,0.05273186189209533,-0.3417860647494898
4,0.25,0.5,0.1,0,0.034596019859620686,-0.4267961162264676,0.08105982820439551,-0.13834847000201067,-0.06886623609013219,-0.4267961162264676,0.04977386448108145,-0.26703061119466387
4,0.25,0.5,0.1,1,0.03878881790052113,-0.3939698057384923,0.09845632161533775,-0.13323149807641577,-0.05324856014039179,-0.3939698057384923,0.04854858126619499,-0.24341712098100832
4,0.25,0.5,0.2,0,0.03507744619379216,-0.362050255315824,0.09688557231700712,-0.11160048386206745,-0.05891282638996296,-0.362050255315824,0.0444750311189539,-0.20845549403280494
4,0.25,0.5,0.2,1,0.0329882417391103,-0.3630757823624339,0.0908577309245605,-0.11078399986641563,-0.05104236317878538,-0.3630757823624339,0.03554027456665243,-0.24858674077955034
4,0.25,1.0,0.0,0,0.04516696439805923,-0.4671021061445947,0.09669612661536037,-0.19672255342199263,-0.07784227204991126,-0.4671021061445947,0.06068324360492605,-0.3405853235117602
4,0.25,1.0,0.0,1,0.0442600554377488,-0.46248702648739104,0.09570010163075457,-0.2004028061632248,-0.06690716166893375,-0.46248702648739104,0.05435398235870825,-0.3417854827236195
4,0.25,1.0,0.1,0,0.03764086529883004,-0.4267961162264676,0.08819402020719642,-0.13834847000201067,-0.06886623609013219,-0.4267961162264676,0.048878301601062546,-0.26703061130474814
4,0.25,1.0,0.1,1,0.04351758032416608,-0.39425396987248407,0.11037956152538232,-0.1332314980764152,-0.05047130034981905,-0.39425396987248407,0.049462244808660794,-0.2434171209810081
4,0.25,1.0,0.2,0,0.03767214107825101,-0.362050255315824,0.10405224281747519,-0.11160048386206745,-0.05891282638996296,-0.362050255315824,0.04293461897574136,-0.20845549403902763
4,0.25,1.0,0.2,1,0.0374736677155485,-0.35771542068715656,0.1047583233721463,-0.11078399986641763,-0.045517280055009386,-0.35771542068715656,0.035746163797649055,-0.24385008246361617
4,0.25,1.5,0.0,0,0.0422935281144714,-0.46465242260370776,0.09102186076525132,-0.21363642727731158,-0.07690461693075049,-0.46465242260370776,0.05866401596699844,-0.35737562066049
4,0.25,1.5,0.0,1,0.04145850745185342,-0.4572859274869565,0.09066211085849776,-0.22140267399464497,-0.06308108376668888,-0.4572859274869565,0.05163142237415608,-0.3596830221854945
4,0.25,1.5,0.1,0,0.033533876531955276,-0.41810690299539466,0.08020407290985254,-0.18244637995058255,-0.058899043362988214,-0.41810690299539466,0.03873096431080514,-0.30950435621656824
4,0.25,1.5,0.1,1,0.039136123024976266,-0.39207404811482127,0.09981819305090811,-0.18235255527748262,-0.033867041656871426,-0.39207404811482127,0.03597722905963496,-0.28742931425056306
4,0.25,1.5,0.2,0,0.03501474649129044,-0.3620502553158246,0.09671239276090632,-0.1382813135125346,-0.04117122060595612,-0.3620502553158246,0.03243312796167541,-0.26464950583915536
4,0.25,1.5,0.2,1,0.034796293609008266,-0.35648774520115645,0.09760866699463583,-0.12951718701363102,-0.02377189760450393,-0.3562392039192507,0.02409505206520679,-0.25496437919453696
4,0.5,0.5,0.0,0,0.03390713845196225,-0.4082939821865038,0.08304589323208264,-0.16716534848895037,-0.05452169422196996,-0.4082939821865038,0.05041128354959046,-0.28457656179517554
4,0.5,0.5,0.0,1,0.03528525657586168,-0.41431790498014054,0.08516469153693226,-0.16976948618755106,-0.053244395707413884,-0.41431790498014054,0.05149655439440126,-0.2937444784167633
4,0.5,0.5,0.1,0,0.03222874155384092,-0.35180133800728486,0.09161062813573936,-0.12703792645100076,-0.055174357192919014,-0.35180133800728486,0.047236753552757804,-0.2176199278301676
4,0.5,0.5,0.1,1,0.034669346308848326,-0.33350869661483484,0.10395335012474212,-0.11090100478821341,-0.0397628870432642,-0.33350869661483484,0.04334853684634865,-0.21761992783016748
4,0.5,0.5,0.2,0,0.03527674426319738,-0.2782709072331542,0.12677122669399335,-0.0762015809605866,-0.020576827165726723,-0.2782709072331542,0.040793461739329295,-0.16381215840781693
4,0.5,0.5,0.2,1,0.034544971111810874,-0.2738217973084385,0.12615858726870713,-0.06487514134920414,-0.013264294862033696,-0.2738217973084385,0.03451561605013964,-0.20705160310211312
4,0.5,1.0,0.0,0,0.035334926130059285,-0.4082939821865038,0.0865428531197864,-0.16716534848894948,-0.05452169422196996,-0.4082939821865038,0.050247741023969006,-0.28455933492037044
4,0.5,1.0,0.0,1,0.037127939976991486,-0.41431790498014054,0.08961220244336565,-0.16976948618755072,-0.053244395707413884,-0.41431790498014054,0.05279748100818504,-0.2937439614799404
4,0.5,1.0,0.1,0,0.03337683381861267,-0.35180133800728486,0.09487409572592793,-0.12703792645100087,-0.055174357192919014,-0.35180133800728486,0.04652092607211178,-0.21761992783016804
4,0.5,1.0,0.1,1,0.03798940937257744,-0.3219638239531618,0.11799278846341449,-0.10966420214258721,-0.030292315843785795,-0.3219638239531618,0.04408125617662151,-0.21761992783016815
4,0.5,1.0,0.2,0,0.03611557875331339,-0.2782709072331542,0.12978567940288965,-0.0762015809605856,-0.020576827165726723,-0.2782709072331542,0.03981207891438743,-0.16381215840781693
4,0.5,1.0,0.2,1,0.03724236271924708,-0.2667707251726352,0.13960438385863533,-0.06338987480057101,-0.00381752073856131,-0.2667707251726352,0.034799843407231634,-0.2055323755121824
4,0.5,1.5,0.0,0,0.03617659509601867,-0.4079657893239733,0.08867556065415612,-0.2018743554117779,-0.0530139420742405,-0.4079657893239733,0.044874767136020566,-0.32158757674056604
4,0.5,1.5,0.0,1,0.03681276922333865,-0.41122430829902445,0.08951992496652217,-0.20868730646170874,-0.049578145426952054,-0.41122430829902445,0.046834950251881224,-0.3276040026974867
4,0.5,1.5,0.1,0,0.026860616201728638,-0.3465883491398961,0.07750005523378595,-0.18500438026236965,-0.050451655688193715,-0.3465883491398961,0.034069571598488224,-0.27327880789900805
4,0.5,1.5,0.1,1,0.02778118702990806,-0.33468688498372123,0.08300650033316753,-0.17301954857216784,-0.03741711234833383,-0.33468688498372123,0.028423601031794865,-0.2580506048072614
4,0.5,1.5,0.2,0,0.030240149288022655,-0.2782709072331506,0.10867161640683408,-0.1358960637904093,-0.027576367380711876,-0.2782709072331506,0.030296891040818563,-0.22495808493859937
4,0.5,1.5,0.2,1,0.02938470473349697,-0.27746775820041103,0.10590313240024382,-0.12136384468698191,-0.030079115196062378,-0.27746775820041103,0.024813349928356043,-0.2186025568612162
6,0.0,0.5,0.0,0,0.025920751515726925,-0.4587241460504762,0.05650618511996687,-0.23482138970097488,-0.05098146919736378,-0.4587241460504762,0.03469511627368149,-0.37749410577597364
6,0.0,0.5,0.0,1,0.025184344324516994,-0.46191349696734396,0.05452177624135858,-0.2370201671701847,-0.05295227184686841,-0.46191349696734396,0.033280124581016146,-0.37432865444027086
6,0.0,0.5,0.1,0,0.02491170751367422,-0.3846368481020467,0.06476682521864098,-0.14611973674789125,-0.047134117525534605,-0.3846368481020467,0.033124062279130895,-0.2779256353588121
6,0.0,0.5,0.1,1,0.026931179120889936,-0.36717178433561315,0.07334762710490168,-0.1468419406902508,-0.0313578139685195,-0.36717178433561315,0.02912745919828419,-0.2446882664919453
6,0.0,0.5,0.2,0,0.027604006554254212,-0.31830349408475833,0.08672228570291401,-0.09939541633077764,-0.036408673526793986,-0.31830349408475833,0.034210596377266755,-0.18662762712536995
6,0.0,0.5,0.2,1,0.023361032502567936,-0.360106514718452,0.06487256283278484,-0.11345205655340052,-0.04812243132084082,-0.360106514718452,0.029037722312307945,-0.2319240935244229
6,0.0,1.0,0.0,0,0.02688130379009257,-0.4587241460504762,0.05860015004994888,-0.234821389700975,-0.05098146919736378,-0.4587241460504762,0.03542141382048847,-0.3774802957534328
6,0.0,1.0,0.0,1,0.02472155443141788,-0.46205546047090684,0.05350343529372588,-0.23702016717018592,-0.053014930837881176,-0.46205546047090684,0.033936351996134206,-0.37432820740684114
6,0.0,1.0,0.1,0,0.027207301319067678,-0.3846368481020467,0.07073503605626834,-0.14611973674789147,-0.047134117525534605,-0.3846368481020467,0.03324601912626224,-0.2779210901817518
6,0.0,1.0,0.1,1,0.030221877388121765,-0.36397081578319046,0.08303379303390161,-0.14560371298071284,-0.029691516954647317,-0.36397081578319046,0.03072978684865535,-0.2446882032498321
6,0.0,1.0,0.2,0,0.030138106844867174,-0.31830349408475833,0.09468355643259749,-0.09939541633077764,-0.036408673526793986,-0.31830349408475833,0.03398108263442312,-0.18662762712536995
6,0.0,1.0,0.2,1,0.026534349393531054,-0.35620530782262105,0.07449172937856478,-0.11345205655340052,-0.04627278324411745,-0.35620530782262105,0.029558524775425976,-0.23366184918213362
6,0.0,1.5,0.0,0,0.031021095829553147,-0.4571115894969703,0.06786328883870653,-0.23616676562731742,-0.050260680484183744,-0.4571115894969703,0.03510139470175533,-0.38231819521294486
6,0.0,1.5,0.0,1,0.03048853385949224,-0.4569333995138968,0.06672424010135199,-0.240877689063689,-0.048916981320177494,-0.4569333995138968,0.03517416209815205,-0.37760620515614096
6,0.0,1.5,0.1,0,0.024517832450359878,-0.3709539327159581,0.06609400868418167,-0.19236322251500748,-0.038177855162370766,-0.3709539327159581,0.023152582524789578,-0.32180086704566657
6,0.0,1.5,0.1,1,0.025475446050938766,-0.3735476261272629,0.06819865599215348,-0.19345474683418962,-0.0237376994550718,-0.3735476261272629,0.01833874703558802,-0.30335985318676817
6,0.0,1.5,0.2,0,0.02818744164493725,-0.31442370375256634,0.08964795372781173,-0.10637621030612365,-0.033247831241162214,-0.31442370375256634,0.026845390121567725,-0.21441747026025282
6,0.0,1.5,0.2,1,0.02539492190633319,-0.3459970496474123,0.0733963539059418,-0.11414257019615581,-0.03937986207875725,-0.3459970496474123,0.022080376259089318,-0.24128042357379842
6,0.25,0.5,0.0,0,0.0338919083676541,-0.4028526962751925,0.08412977915009962,-0.19093640566179582,-0.04342677036839229,-0.4028526962751925,0.04596173569564921,-0.30122099103692057
6,0.25,0.5,0.0,1,0.031538531611259746,-0.3935509861315052,0.08013836255697028,-0.18371075455754515,-0.043791146589781615,-0.3935509861315052,0.04037090730850945,-0.31352220540533715
6,0.25,0.5,0.1,0,0.03001192926639029,-0.32177012149347795,0.09327133646558483,-0.11746729391140731,-0.04724387944057046,-0.32177012149347795,0.04132113445133778,-0.20650791729172968
6,0.25,0.5,0.1,1,0.0316375311482513,-0.30920690626985803,0.1023183198910825,-0.0999616494613621,-0.035692853313910096,-0.30920690626985803,0.038993554835208055,-0.20480636992668444
6,0.25,0.5,0.2,0,0.03264393254655018,-0.24822721083843524,0.13150827597139333,-0.07864991075197947,-0.01527193843572954,-0.24822721083843524,0.03710701409480355,-0.1530388300263581
6,0.25,0.5,0.2,1,0.03010474480787484,-0.26112739199856083,0.11528757889957694,-0.0795507611324554,-0.024180151139671948,-0.26112739199856083,0.03283794752157032,-0.17458158711240146
6,0.25,1.0,0.0,0,0.03642273707511379,-0.4028526962751925,0.09041204741058273,-0.1909364056617947,-0.04342677036839229,-0.4028526962751925,0.046220347446944254,-0.3012209914467189
6,0.25,1.0,0.0,1,0.03448155939718189,-0.3936742751481055,0.08758905921452316,-0.18371075455754438,-0.04384934213606488,-0.3936742751481055,0.04190136413974699,-0.31352219856935115
6,0.25,1.0,0.1,0,0.03194592380581773,-0.32177012149347795,0.09928182162328349,-0.11746729391140576,-0.04724387944057046,-0.32177012149347795,0.040701327327227865,-0.20650791733832474
6,0.25,1.0,0.1,1,0.03351319974439537,-0.32185447253809574,0.10412531937218503,-0.09924618512995687,-0.038083055013308935,-0.32185447253809574,0.039675590913362146,-0.20480636992668466
6,0.25,1.0,0.2,0,0.034400680108578996,-0.24822721083843524,0.1385854515803649,-0.07864991075197947,-0.01527193843572954,-0.24822721083843524,0.03606632297205192,-0.15303883002751395
6,0.25,1.0,0.2,1,0.032607915944708354,-0.2611254532215659,0.12487452120203855,-0.07955076113245696,-0.0209363355224656,-0.2611254532215659,0.032760122143925985,-0.17458158711240235
6,0.25,1.5,0.0,0,0.03226677029227987,-0.40104275161890446,0.0804571835846113,-0.21604013352931628,-0.0425720778448108,-0.40104275161890446,0.04031728955666125,-0.32760855557694013
6,0.25,1.5,0.0,1,0.029814745404348253,-0.3898142364400534,0.07648449599129312,-0.2194805169780879,-0.04082463165330205,-0.3898142364400534,0.035239472016868945,-0.3301832953253836
6,0.25,1.5,0.1,0,0.026491863597373433,-0.3232803253348384,0.08194703333688624,-0.16404062047941292,-0.045603649302193856,-0.3232803253348384,0.030868887557301106,-0.2547194070726776
6,0.25,1.5,0.1,1,0.026766737737108803,-0.3200860774359625,0.08362356136050261,-0.14688241797769253,-0.03995762005287284,-0.3200860774359625,0.028390348350760597,-0.2313094942309485
6,0.25,1.5,0.2,0,0.03179073482087014,-0.24822721083843358,0.1280711115976811,-0.09187257253638215,-0.009837973966482776,-0.24822721083843358,0.030156129074527138,-0.17937350873274083
6,0.25,1.5,0.2,1,0.030593500808845153,-0.25999785490108684,0.11766828161133903,-0.08081414409757848,-0.013033252651180592,-0.25999785490108684,0.02746521535434665,-0.18291246339923828
6,0.5,0.5,0.0,0,0.03152943107809003,-0.3305041110597374,0.09539799967084585,-0.1543223934277227,-0.024608961686419822,-0.3305041110597374,0.04364015219968631,-0.24678007295441517
6,0.5,0.5,0.0,1,0.03163895812070727,-0.3252638581658003,0.09727166829761824,-0.15858988486940917,-0.020283106395247223,-0.3252638581658003,0.041365908117955374,-0.24678007295441517
6,0.5,0.5,0.1,0,0.03046488428431604,-0.23117320900460836,0.13178380148587518,-0.0807015435059183,-0.013732556366544753,-0.23117320900460836,0.039214654829413886,-0.16520181378726329
6,0.5,0.5,0.1,1,0.030063056051121917,-0.24389440615584534,0.12326258943352729,-0.07214970792765485,-0.013799473142978998,-0.24389440615584534,0.03663698763851264,-0.17732175800795946
6,0.5,0.5,0.2,0,0.032910273483046426,-0.15999355386142544,0.20569749648508256,-0.041375837880714195,0.05210306476259308,-0.15999355386142544,0.03376696423913628,-0.10678375539476903
6,0.5,0.5,0.2,1,0.031556927873334084,-0.16002168390574167,0.19720407324248762,-0.04090522602479274,0.04156578375642869,-0.16002168390574167,0.03065629509783152,-0.14576290489456833
6,0.5,1.0,0.0,0,0.032596803836363764,-0.3305041110597374,0.0986275291155819,-0.15432239342772236,-0.024608961686419822,-0.3305041110597374,0.043660164234460286,-0.24678007295441529
6,0.5,1.0,0.0,1,0.032528902219917555,-0.3274791328044472,0.09933122132499983,-0.15858988486940817,-0.021558941561591945,-0.3274791328044472,0.04187555727880854,-0.24678007295441473
6,0.5,1.0,0.1,0,0.031240550723333094,-0.23117320900460836,0.13513914894312137,-0.08070154350591685,-0.013732556366544753,-0.23117320900460836,0.03873424683683391,-0.16520181378726284
6,0.5,1.0,0.1,1,0.03175897805016481,-0.23780889791130544,0.13354831685906815,-0.0721497079276534,-0.00939010846604054,-0.23780889791130544,0.037200467623818234,-0.17732175800795957
6,0.5,1.0,0.2,0,0.03347643986109028,-0.15999355386142544,0.20923617891558988,-0.041375837880714195,0.05210306476259308,-0.15999355386142544,0.0331050530401098,-0.10678375539476903
6,0.5,1.0,0.2,1,0.033040050325789494,-0.16002055379655633,0.20647379065938792,-0.04088418643560887,0.048015024863682955,-0.16002055379655633,0.03085552387303081,-0.14576290489456745
6,0.5,1.5,0.0,0,0.028670305946980168,-0.3303134915571925,0.08679725981466918,-0.1781139113751795,-0.029985618862324304,-0.3303134915571925,0.036799902432314235,-0.26155531813062294
6,0.5,1.5,0.0,1,0.02708266087927269,-0.3243382834064782,0.08350127710743059,-0.18324040672930753,-0.025134189342177347,-0.3243382834064782,0.03257120839273897,-0.26918505314128927
6,0.5,1.5,0.1,0,0.02837118058185606,-0.22636954652409946,0.12533126039917938,-0.11866920407155601,-0.005399562547027462,-0.22636954652409946,0.032741601479644444,-0.19952481194619975
6,0.5,1.5,0.1,1,0.027864740084208472,-0.23261955889053743,0.11978674629557112,-0.10622207050462862,-0.00035554483943765454,-0.23261955889053743,0.029195208920805182,-0.19952481194619998
6,0.5,1.5,0.2,0,0.03140115676168098,-0.15999355386142455,0.19626513696219605,-0.07054176161695147,0.05850685565743177,-0.15999355386142455,0.028297970498311065,-0.14412723404642125
6,0.5,1.5,0.2,1,0.030681182980674793,-0.1595862295254843,0.19225457655026132,-0.060615914729603815,0.05642419004203922,-0.15934858495148907,0.025601103987094254,-0.1595862295254843
8,0.0,0.5,0.0,0,0.026440825279541835,-0.3758479014186492,0.07034980155467184,-0.21389623851227557,-0.024397872742647483,-0.3758479014186492,0.030920709403458924,-0.33098135923187155
8,0.0,0.5,0.0,1,0.02702447138559938,-0.34854040509969697,0.07753612203976541,-0.21636194146061538,-0.009750799761654784,-0.34854040509969697,0.02613196209789126,-0.3331870945562637
8,0.0,0.5,0.1,0,0.029186011398948608,-0.2990203390249503,0.09760543879429327,-0.10575895886841391,-0.02015414378192576,-0.2990203390249503,0.03782991597416974,-0.1776789491109848
8,0.0,0.5,0.1,1,0.02888446048323301,-0.298864510728717,0.09664734167601381,-0.1026373872386368,-0.009127983171030812,-0.298864510728717,0.03276478915214631,-0.2087887338929928
8,0.0,0.5,0.2,0,0.029246128512286695,-0.2321282617508067,0.12599124420137547,-0.08128097869002571,0.0012390935623945607,-0.2321282617508067,0.03363946677954499,-0.13833160947665135
8,0.0,0.5,0.2,1,0.026731492852084093,-0.2652402554786605,0.1007821863383582,-0.08982234716584692,-0.01660352657026757,-0.2652402554786605,0.031320874480996075,-0.16397134519812495
8,0.0,1.0,0.0,0,0.028011190755994786,-0.3758479014186492,0.07452799563404693,-0.21389623851227613,-0.024397872742647483,-0.3758479014186492,0.031615245289045246,-0.3309760709578706
8,0.0,1.0,0.0,1,0.028945011423633815,-0.34674966077986447,0.08347524077899439,-0.21636194146061527,-0.00868314283767368,-0.34674966077986447,0.02717413027461313,-0.33318705949326666
8,0.0,1.0,0.1,0,0.030983033966997864,-0.2990203390249503,0.1036151389167298,-0.10575895886841391,-0.02015414378192576,-0.2990203390249503,0.03798924845020135,-0.1776789381247671
8,0.0,1.0,0.1,1,0.031579350227964875,-0.2988645107287171,0.1056644368746406,-0.10263738723863414,-0.006452267989255283,-0.2988645107287171,0.03409569868088713,-0.2087887338929928
8,0.0,1.0,0.2,0,0.03117641072396693,-0.2321282617508067,0.1343068288575533,-0.08128097869002571,0.0012390935623945607,-0.2321282617508067,0.03346486508172952,-0.13833160947665135
8,0.0,1.0,0.2,1,0.02915110223312478,-0.2619053954715912,0.11130393927408339,-0.08982234716584725,-0.01437525457223156,-0.2619053954715912,0.031716616252774665,-0.1653571692085376
8,0.0,1.5,0.0,0,0.02820988638117461,-0.37442902805236866,0.0753410773943229,-0.2254729491421199,-0.023638861649867584,-0.37442902805236866,0.02810967952424681,-0.3445327310500438
8,0.0,1.5,0.0,1,0.028994509103590138,-0.3460072513074368,0.08379740307184409,-0.22983610973444013,-0.006263366769703647,-0.3456301892119177,0.02452038184788763,-0.3460072513074368
8,0.0,1.5,0.1,0,0.02807706109179131,-0.29902033902495206,0.09389682716348065,-0.12467096009958367,-0.018319717365989453,-0.29902033902495206,0.03077258912940173,-0.2146249032467965
8,0.0,1.5,0.1,1,0.027420225526860076,-0.3040226648410761,0.09019138603101727,-0.13016398760194037,-0.009706667410803282,-0.3040226648410761,0.025678870211208293,-0.22553596099639395
8,0.0,1.5,0.2,0,0.0304056353579385,-0.2321282617508057,0.13098635697612535,-0.08128097869002504,0.004214842937964616,-0.2321282617508057,0.029573692621221337,-0.14566954985425062
8,0.0,1.5,0.2,1,0.029420694965399452,-0.25010914807959406,0.11763142288596613,-0.08982234721774784,-0.0020247207647601014,-0.25010914807959406,0.027526484410856478,-0.17311504725815752
8,0.25,0.5,0.0,0,0.030548199030194567,-0.3373356623424405,0.09055727703993563,-0.15784483729060894,-0.04338763398589016,-0.3373356623424405,0.04498999661567016,-0.24412640416454956
8,0.25,0.5,0.0,1,0.03038958711023354,-0.32084195747366673,0.0947182449250821,-0.15483579879939124,-0.03102926641158445,-0.32084195747366673,0.03978078818786246,-0.2529960403068783
8,0.25,0.5,0.1,0,0.03043903421558003,-0.24271175900334807,0.12541227644087957,-0.08618350423180565,-0.019997603336154114,-0.24271175900334807,0.03991776084275056,-0.13904575676009934
8,0.25,0.5,0.1,1,0.03016697093769749,-0.2528018338018473,0.11933050676105124,-0.07459181832884276,-0.022387898467779423,-0.2528018338018473,0.038820643233609786,-0.16641442577136678
8,0.25,0.5,0.2,0,0.031537177999056976,-0.1697677438029187,0.1857666085005412,-0.055343802020551114,0.026251660729578612,-0.1697677438029187,0.03444353406405121,-0.10359609512276824
8,0.25,0.5,0.2,1,0.030498594436627613,-0.1753153657229387,0.17396418340664077,-0.05321872727576071,0.01948664963090283,-0.1753153657229387,0.03214583680654659,-0.1297958602400605
8,0.25,1.0,0.0,0,0.03244559844218031,-0.3373356623424405,0.09618194002045274,-0.1578448372906086,-0.04338763398589016,-0.3373356623424405,0.04509981173594535,-0.24412640416454934
8,0.25,1.0,0.0,1,0.03271270396716908,-0.31980676000624164,0.10228896964695376,-0.15432207440366164,-0.03046160440720714,-0.31980676000624164,0.04084780137297139,-0.2529960407092001
8,0.25,1.0,0.1,0,0.03192487026805524,-0.24271175900334807,0.1315340896508226,-0.08618350423180565,-0.019997603336154114,-0.24271175900334807,0.03948707672880847,-0.13904575676009878
8,0.25,1.0,0.1,1,0.03240289514478589,-0.2488695353132261,0.13020032807150844,-0.07459181832884221,-0.019769274161766947,-0.2488695353132261,0.039408000680765776,-0.16641442577136645
8,0.25,1.0,0.2,0,0.03286541598184867,-0.1697677438029187,0.1935904621551767,-0.055343802020551114,0.026251660729578612,-0.1697677438029187,0.03365601450128897,-0.10359609512327395
8,0.25,1.0,0.2,1,0.03230967802761109,-0.17531406694183294,0.18429598144187165,-0.0532187272757606,0.023096873534106742,-0.17531406694183294,0.03192422061764644,-0.1297958602400605
8,0.25,1.5,0.0,0,0.027627653043798883,-0.3341721855608515,0.08267490305164249,-0.19183050379378497,-0.04113384614254572,-0.3341721855608515,0.03730662058753542,-0.2748478341761931
8,0.25,1.5,0.0,1,0.02926084032248477,-0.3195925754493091,0.09155669615086495,-0.18462937825968706,-0.02930681994453369,-0.3195925754493091,0.03529367967550234,-0.2813886282642304
8,0.25,1.5,0.1,0,0.029269747083670028,-0.24339347438427128,0.12025690975370502,-0.10422241182253134,-0.017620346588152657,-0.24339347438427128,0.03476731437720315,-0.16471848635558417
8,0.25,1.5,0.1,1,0.029548537276738784,-0.24667122750991155,0.11978915244807581,-0.08773095103922457,-0.014435947371365138,-0.24667122750991155,0.03368933127885709,-0.18378757866991646
8,0.25,1.5,0.2,0,0.031268235345903506,-0.16976774380292037,0.18418242856665462,-0.059599654109012246,0.031191693240308245,-0.16976774380292037,0.0301147455042734,-0.11739923014151499
8,0.25,1.5,0.2,1,0.031106204760608325,-0.174381497034223,0.17838019107327435,-0.053218727285214484,0.031198470194529298,-0.174381497034223,0.028736149449900994,-0.13779941130863138
8,0.5,0.5,0.0,0,0.03239727673465609,-0.2526104131474224,0.12824996535574,-0.10989570914919156,0.008541942103786308,-0.2526104131474224,0.04163335209328878,-0.1940335460958459
8,0.5,0.5,0.0,1,0.03254307644411214,-0.26025640195162625,0.12504236668176527,-0.11967460571493582,0.034375377011793835,-0.26025640195162625,0.034920208732556635,-0.19426850544999152
8,0.5,0.5,0.1,0,0.02983790933973718,-0.15004129213252182,0.1988646519611633,-0.054022971623525096,0.04223095496071448,-0.15004129213252182,0.03472738125069608,-0.1241177820270346
8,0.5,0.5,0.1,1,0.029806020046706738,-0.15862981909877305,0.187896703255695,-0.0541901791924857,0.03864781449292098,-0.15862981909877305,0.033368175231774266,-0.14300157514171186
8,0.5,0.5,0.2,0,0.0303568972726298,-0.10118935788876926,0.300000888492633,-0.025065314286976226,0.11982000282190923,-0.10118935788876926,0.030677667644456008,-0.08264029181266475
8,0.5,0.5,0.2,1,0.029573302377972954,-0.1094797524316169,0.27012576957045087,-0.024648319676827457,0.10764432329991179,-0.10113414792664,0.028759716595238016,-0.1094797524316169
8,0.5,1.0,0.0,0,0.033323383519097804,-0.2526104131474224,0.13191611186531102,-0.10989570914919067,0.008541942103786308,-0.2526104131474224,0.041853206994469705,-0.19403354609584567
8,0.5,1.0,0.0,1,0.03445435793703755,-0.25304212534662807,0.13616056176354224,-0.11851496863885325,0.04084177665217523,-0.25304212534662807,0.036138090360836594,-0.1940335460958459
8,0.5,1.0,0.1,0,0.030422757352520202,-0.15004129213252182,0.2027625656919146,-0.054022971623525096,0.04223095496071448,-0.15004129213252182,0.03436407132717956,-0.12411778202703472
8,0.5,1.0,0.1,1,0.03112252018539241,-0.15340332532243794,0.20288034904051844,-0.05419017919248437,0.045721544930093894,-0.15340332532243794,0.0338384245585015,-0.14300157514171175
8,0.5,1.0,0.2,0,0.0307835008829056,-0.10118935788876926,0.3042167825271098,-0.025065314286976226,0.11982000282190923,-0.10118935788876926,0.030177833600667725,-0.08264029181549315
8,0.5,1.0,0.2,1,0.030683645764716827,-0.10947975243161623,0.2802677671735017,-0.02463036883159664,0.11525320499714119,-0.10113341459717384,0.02890231645614083,-0.10947975243161623
8,0.5,1.5,0.0,0,0.03144710904199832,-0.24920105922326918,0.12619171499517423,-0.15204592562711716,0.02175543157525713,-0.24920105922326918,0.034504152065519156,-0.22535991332736416
8,0.5,1.5,0.0,1,0.03562683758449148,-0.24977064652771197,0.14263820861167004,-0.16198903720995494,0.06271607319992971,-0.24977064652771197,0.033916490778526764,-0.23327630374098518
8,0.5,1.5,0.1,0,0.02840232449580471,-0.15007544975118625,0.18925363570719672,-0.08264220594747218,0.051872398431120174,-0.15004129213252193,0.030146394262703824,-0.15007544975118625
8,0.5,1.5,0.1,1,0.028497587826386228,-0.16289048252528382,0.17494937325121399,-0.07318642399069397,0.05994862575714503,-0.1489751190637355,0.028137950545221946,-0.16289048252528382
8,0.5,1.5,0.2,0,0.029274513312701922,-0.10299122227477286,0.28424279920282636,-0.047279016233094495,0.12738981845779063,-0.10118935788876648,0.02667095962530297,-0.10299122227477286
8,0.5,1.5,0.2,1,0.0290315002898891,-0.11983419063583989,0.24226391596461777,-0.0398114736510512,0.1255931712962525,-0.10059715349381293,0.02518814425070537,-0.11983419063583989
