baskets.count,baskets.slices,entry.dip_vol_mult,exit.lot_tp_vol_mult,exit.lot_tp_sell_frac,exit.upday_sell_frac,exit.basket_sl_pct,exit.basket_tp_pct,exit.max_hold_days,regime.enabled,regime.bear_max_baskets,regime.ma_band,regime.cooldown_after_sl_days,regime.breaker_dd,costs.commission_pct,simple_annual,cagr,mdd,mdd_recover_days,max_underwater_days,sharpe,calmar,worst_year,avg_exposure,n_baskets_closed,basket_win_rate,n_trades,train_simple_annual,train_cagr,train_mdd,train_calmar,train_sharpe,test_simple_annual,test_cagr,test_mdd,test_calmar,test_sharpe
4,4,0.25,1.0,1.0,0.0,,0.2,60,False,1,0.02,20,0.15,0.001,3.2672772125347884,0.19873918761483922,-0.43274163231741825,242,1348,0.7364303246204271,0.4592559919658088,-0.2677471279816408,0.2502488374670996,368,0.5896739130434783,9076,0.3270701016377715,0.12290274993442796,-0.43274163231741825,0.28400953538086704,0.5482910190618125,1.3173018393353877,0.34049878962026536,-0.41455596221504964,0.8213578398460777,1.0038665726460723
4,4,0.25,0.5,1.0,0.0,,0.2,60,True,1,0.02,20,0.15,0.001,2.3785214701574002,0.18332621573489694,-0.42334991587096205,327,1218,0.7742976198281819,0.4330370902702037,-0.24495530618921602,0.21353940793014575,314,0.6337579617834395,8688,0.5069760113795576,0.1504628505515473,-0.4172215765142425,0.3606305594466565,0.684629594595077,0.5924727979432233,0.23461431755674345,-0.42334991587096205,0.5541853411593789,0.8939866788931657
4,8,0.25,1.0,1.0,0.0,,0.1,60,True,1,0.02,20,,0.001,1.9166122602958588,0.17300276773379664,-0.41762567103550885,452,1265,0.7837732511881207,0.4142531930684093,-0.2540421742372502,0.2128294844401118,357,0.7927170868347339,10953,0.1922959233907075,0.09291348463549753,-0.41762567103550885,0.2224803001336513,0.5129412355327474,1.231553192561437,0.33087414900758727,-0.28307584928021157,1.16885332976626,1.184950151449125
4,4,0.25,1.0,1.0,0.2,,0.2,60,True,1,0.02,20,0.25,0.001,1.9096811047126225,0.17283069472461987,-0.3975461019111449,467,1055,0.7932455957644877,0.43474377913344264,-0.2631825621041147,0.1838064367787015,308,0.7694805194805194,16432,0.2134759156956185,0.09848669927461806,-0.3975461019111449,0.24773654879561796,0.5417628427460897,1.0999339843958191,0.3149932655075529,-0.19632159840636343,1.6044758603460054,1.158514938011169
4,4,0.25,1.0,1.0,0.2,,0.2,60,True,1,0.02,20,,0.001,1.755846530771736,0.1688526104329129,-0.40825588642846655,434,1047,0.7651059744021521,0.4135950418500549,-0.23160589803671894,0.19563901127190633,314,0.7515923566878981,17169,0.19015468392232437,0.09232627361751566,-0.40825588642846655,0.2261480524511502,0.5019044168308383,1.106008427484505,0.3157588455926139,-0.1962174064267318,1.609229534437452,1.163735100887749
4,4,0.25,1.0,1.0,0.2,,0.1,40,True,1,0.02,20,,0.001,1.6372326467374407,0.16555573581315608,-0.40344201698065363,455,979,0.7494355836683205,0.41035818988852374,-0.25517173074680444,0.1956485141890087,449,0.7839643652561247,16708,0.20254263029069966,0.09566149092465204,-0.40344201698065363,0.23711335681042692,0.5202731497900068,0.9796064341237584,0.2990866100985432,-0.2932140607463013,1.0200281982974992,1.0819815661189955
4,4,0.25,1.0,1.0,0.2,,0.1,60,True,1,0.02,20,,0.001,1.6312952925574247,0.16538489393138756,-0.4002103048240585,480,993,0.7354799078122464,0.41324496630364,-0.22717420026632007,0.20059580421102174,377,0.7692307692307693,17186,0.20655071743701514,0.09670957755883092,-0.4002103048240585,0.24164689512766702,0.5165251815290973,0.9534414288715977,0.2954246213710572,-0.2956834529444453,0.999124632877455,1.051473291198977
4,8,0.25,0.5,1.0,0.0,,0.1,60,True,1,0.02,20,,0.001,1.4852107902379847,0.16098728937162443,-0.3880675411082196,405,910,0.8393901055840262,0.41484348036913044,-0.1603950879203544,0.1707674901394597,341,0.7800586510263929,11462,0.2214103975904069,0.10047250726006385,-0.3880675411082196,0.25890469213977696,0.590836432391032,0.8088789620640475,0.27364032986680153,-0.2738574849308275,0.999207050834923,1.2280774665028833
4,4,0.25,1.0,1.0,0.2,,0.2,40,True,1,0.02,20,,0.001,1.3211534843628978,0.15553956344407593,-0.42674700010359834,521,991,0.7089893949063237,0.3644772275055635,-0.25517173074680477,0.1968601923923535,412,0.7864077669902912,16886,0.1686080164598276,0.08614508872704918,-0.42674700010359834,0.20186454434626688,0.47625435129372223,0.90279624446522,0.28810598728679393,-0.29968241110654403,0.9613710268246793,1.052090425545767
4,4,0.25,1.0,1.0,0.2,,0.1,60,True,1,0.02,20,0.25,0.001,1.2785043232138784,0.15402030384807786,-0.3977411270706379,459,1047,0.7085580656498996,0.3872375607280969,-0.28036709657638637,0.1861001635771599,369,0.7804878048780488,16088,0.20573556987822428,0.09649760446303457,-0.3977411270706379,0.2426140971986958,0.526983426168518,0.7302455816441656,0.260494815043699,-0.3975748979046786,0.6552094119034508,0.9642495810299091
4,4,0.25,1.0,1.0,0.2,,0.1,40,True,1,0.02,20,0.25,0.001,1.254056512401716,0.15312805622734493,-0.4168066371723753,508,1020,0.7192979928925242,0.3673839199542713,-0.27320974661539454,0.18235469926780357,439,0.7949886104783599,15751,0.20691250094906494,0.09680346528893513,-0.4168066371723753,0.23225029703378,0.5385066452567133,0.7156651567461486,0.25793959896495067,-0.3951245675082047,0.6528057736111147,0.9746085975105008
4,8,0.25,1.0,1.0,0.0,,0.2,40,True,1,0.02,20,,0.001,1.2406079382712332,0.1526303302303469,-0.4441879883400299,543,1231,0.751456070528056,0.3436165187643638,-0.2723593559119222,0.19113500489660862,441,0.8049886621315193,10921,0.12584399043130937,0.07210278332888431,-0.4441879883400299,0.1623249282321632,0.44437160148567556,1.0530940601477412,0.30897382789104166,-0.2817272778584565,1.0967125023877673,1.196334111340347
4,8,0.25,0.5,1.0,0.0,,0.2,60,True,1,0.02,20,,0.001,1.2393852889098924,0.15258483258157773,-0.3300628225508987,587,951,0.8197468030063982,0.46229027371917286,-0.2147501395007544,0.17335229034779442,323,0.7801857585139319,11586,0.18452661112891222,0.09076047821756528,-0.3300628225508987,0.27497940396958576,0.5480484739881825,0.7782222785297491,0.26863708289792876,-0.18395310143804366,1.4603563669102209,1.265777928470997
4,4,0.25,0.5,1.0,0.5,,0.1,40,False,1,0.02,20,,0.001,1.231942587393946,0.1523069707675615,-0.4280614538424736,557,965,0.7010305618046387,0.35580632033177734,-0.243867214106682,0.17127192840286867,473,0.8816067653276956,19865,0.24965074539940618,0.10714432277573227,-0.4280614538424736,0.2503012635544646,0.5342753085984465,0.5959877459329642,0.23532779427389938,-0.2299760416556751,1.0232709136990759,1.0008249624633399
4,4,0.25,0.5,1.0,0.5,,0.2,60,False,1,0.02,20,,0.001,1.2304297207334352,0.15225029985752592,-0.44346258413284734,577,965,0.7035145836594577,0.34332163592840237,-0.28769559543359957,0.17003911703369318,335,0.8417910447761194,19973,0.2433412715379624,0.10570393775180675,-0.44346258413284734,0.23836044242267168,0.5327933204414977,0.6102115433606382,0.2381836311765766,-0.225593146459936,1.0558105816342989,1.004961046115472
4,4,0.25,0.5,1.0,0.5,,0.2,40,False,1,0.02,20,,0.001,1.2231696597930328,0.15197744077390452,-0.4465001134491938,570,971,0.7000577595396221,0.34037492084802723,-0.2585736865497701,0.17097394995524895,460,0.8717391304347826,19898,0.2396829454091392,0.10485605729549308,-0.4465001134491938,0.23483993427344202,0.5242418666780435,0.6141791750274992,0.23897144461938935,-0.23275042517712952,1.0267282839012022,1.023508483855099
4,8,0.25,1.0,1.0,0.0,,0.1,40,True,1,0.02,20,,0.001,1.206313479185737,0.15133808905263502,-0.4440419563696941,543,1093,0.7476408758067697,0.34081934574361733,-0.2540523411193023,0.1919996384097074,447,0.8053691275167785,10847,0.13692518960165356,0.07600560268938072,-0.4440419563696941,0.17116761512982134,0.4563213780512097,0.9590215262800375,0.29621217883333206,-0.2808660311127664,1.054638674743847,1.1895384302205758
4,8,0.25,0.5,1.0,0.0,,0.2,60,True,1,0.02,20,0.25,0.001,1.1752614609190672,0.15013830790810845,-0.3705378725817151,449,982,0.848727506246843,0.4051901816729902,-0.21743306233023607,0.15918736175258982,320,0.775,11311,0.16850539987740254,0.08611438872893173,-0.3705378725817151,0.23240374358748128,0.5587679327190762,0.7935045705559173,0.2711497900290978,-0.18595464011927887,1.458150169606799,1.2955864591650343
4,4,0.25,1.0,1.0,0.2,,0.2,40,True,1,0.02,20,0.25,0.001,1.083092121443656,0.14639596366288177,-0.4180927941449446,508,1020,0.6890934053597981,0.35015184598500676,-0.27320974661539443,0.183867518956004,409,0.7946210268948656,15998,0.1761656012476884,0.08837198396605905,-0.4180927941449446,0.2113693065358649,0.49738230239990655,0.6981650439782591,0.254819999046239,-0.4010497631903076,0.6353824947287673,0.9621465996897546
4,4,0.25,0.5,1.0,0.2,,0.1,60,True,1,0.02,20,,0.001,1.0360171808075687,0.14436955114118732,-0.39776185702781064,515,940,0.7048580922601265,0.3629547393507199,-0.25744899345556826,0.1781244413632284,356,0.7752808988764045,16719,0.16521204449249394,0.08512231558227645,-0.39776185702781064,0.21400321342607995,0.4944516804391544,0.7050059324800858,0.25604644511159935,-0.3075533574460989,0.8325269060230418,1.0110882615860592
4,4,0.25,0.5,1.0,0.2,,0.2,60,True,1,0.02,20,,0.001,1.0197834801009085,0.14365101726850105,-0.42838685121872677,523,1063,0.7143000517495864,0.3353301271031668,-0.24617326752379676,0.17481708817632144,312,0.7596153846153846,16744,0.13369835293753457,0.07489031668288848,-0.42838685121872677,0.1748193635491646,0.44862944069535154,0.8167645887600717,0.2749036035634256,-0.21118542354634973,1.3017167517865709,1.1223058521378209
4,4,0.25,0.5,1.0,0.2,,0.2,60,True,1,0.02,20,0.25,0.001,0.9548482125988957,0.1406673697324894,-0.41968583378286495,535,1121,0.7115174427004588,0.33517302326975185,-0.2914146187218788,0.16556197148179774,304,0.7598684210526315,15967,0.12957185913801653,0.07343900250662982,-0.41968583378286495,0.17498565973667185,0.4516083468012525,0.7729449581652379,0.2677605832648735,-0.21062925950442246,1.2712411556441496,1.0920100749710113
4,8,0.25,0.5,1.0,0.0,,0.2,40,True,1,0.02,20,,0.001,0.8588258892032704,0.13589462243855333,-0.4046034642734042,501,1052,0.7653538451079545,0.3358711292366116,-0.25471746947247753,0.1619962055055405,446,0.8004484304932735,11336,0.12801243520881747,0.07288299627973349,-0.4046034642734042,0.18013438518283173,0.48471964973264764,0.6986906167506785,0.254914546373326,-0.28406609750796874,0.8973775772949288,1.1855321919925026
4,8,0.25,0.5,1.0,0.0,,0.1,40,True,1,0.02,20,,0.001,0.8579789271830616,0.1358503900995578,-0.4046034642734049,501,1052,0.7629914946898205,0.33576180654686355,-0.2547174694724783,0.16267635966524824,448,0.8035714285714286,11317,0.12347127150912725,0.07123946132527625,-0.4046034642734049,0.1760722969913506,0.4735376165013775,0.717652151290141,0.2582901341607944,-0.2840660975079683,0.9092606841390114,1.2010978467458606
4,8,0.25,0.5,1.0,0.0,,0.1,60,True,1,0.02,20,0.25,0.001,0.8334311585346456,0.13455072651176647,-0.3647365506250875,449,982,0.7674961675550446,0.36889839058129137,-0.23258559515730592,0.1554860834846202,336,0.7648809523809523,11089,0.17235644212283563,0.08725791561915308,-0.3647365506250875,0.2392354576737922,0.5544133940687518,0.5236873017989675,0.21998310098082174,-0.3256330750527806,0.67555515036415,1.098096827057971
4,8,0.25,1.0,1.0,0.0,,0.2,40,True,1,0.02,20,0.25,0.001,0.8039775836482077,0.13294437797694614,-0.3695468591841201,494,1201,0.7057514691853544,0.359749716911297,-0.18932586381711047,0.17034730200385162,423,0.789598108747045,10420,0.11132429701554616,0.06665297661533987,-0.3695468591841201,0.18036407280661318,0.4380139924196742,0.7184742393781076,0.25843494712551274,-0.34127283224343274,0.7572678593447748,1.0823056182721214
4,4,0.25,0.5,1.0,0.2,,0.1,40,True,1,0.02,20,,0.001,0.791217440059583,0.13223173862945847,-0.38804617156773313,496,1297,0.6625717915007183,0.3407628996705036,-0.2735628066049326,0.1768016408076493,435,0.8,16359,0.11403051601366598,0.0676999797124398,-0.38804617156773313,0.17446372280630223,0.41741073524208744,0.6923523943130631,0.2537707326089633,-0.2860656872972758,0.8871065069235237,1.0221446576505153
4,4,0.25,0.5,1.0,0.2,,0.2,40,True,1,0.02,20,,0.001,0.7875787602371812,0.13202660363625984,-0.44441070727693377,593,1065,0.6638502931027446,0.2970824092993504,-0.26423381838946247,0.17488475137883625,420,0.7785714285714286,16383,0.12308338351057584,0.07109735566438191,-0.44441070727693377,0.1599811941976405,0.4302163888211455,0.6489973477656793,0.24572750991735193,-0.2723524113455861,0.9022409924821632,1.0161960051331398
4,4,0.25,0.5,1.0,0.2,,0.1,60,True,1,0.02,20,0.25,0.001,0.7868191680285654,0.13198367181467652,-0.40871565707603874,389,1310,0.671834131695865,0.3229229649749431,-0.29134003200252434,0.16506885465855803,349,0.7822349570200573,15684,0.1553465856779716,0.08206860783948922,-0.3860904376179515,0.21256317132800545,0.4916865944741335,0.5433101516126045,0.22429321498830856,-0.40871565707603874,0.5487756857491279,0.9302833595178377
4,8,0.25,1.0,1.0,0.2,,0.2,60,False,1,0.02,20,,0.001,0.7829819222236813,0.13176621369799246,-0.37529932610118566,732,1123,0.7276810524855608,0.35109632374470756,-0.2762777761124897,0.14956865596577934,345,0.8492753623188406,24470,0.22896763515722116,0.10231644223077607,-0.37529932610118566,0.2726262348874834,0.5761328950636919,0.38218844257403334,0.18490485415587976,-0.17146616268494008,1.0783751806216866,1.0365192891310597
4,8,0.25,1.0,1.0,0.2,,0.1,60,False,1,0.02,20,,0.001,0.7773339626708426,0.13144437003190745,-0.40611497855581535,734,1127,0.7254372026981181,0.32366294515739485,-0.3115502155985681,0.14990881467345396,348,0.853448275862069,24538,0.22058018902057125,0.10026716251812084,-0.40611497855581535,0.24689353462086205,0.5660748463052332,0.3933733654959543,0.1879783840786089,-0.17146616268493964,1.096300174536533,1.0523716454334004
4,8,0.25,1.0,1.0,0.0,,0.1,40,True,1,0.02,20,0.25,0.001,0.764850113854295,0.13072537117351457,-0.36954685918412,488,1196,0.7013705999115046,0.35374504727797734,-0.18938164212697028,0.1689599923285678,428,0.7920560747663551,10335,0.11439531978153368,0.0678399774484999,-0.36954685918412,0.1835761169727595,0.43976034278396664,0.6661005841864132,0.24894737952874801,-0.3404519700597586,0.7312261388443456,1.0859658875683524
4,8,0.25,1.0,1.0,0.2,,0.2,40,False,1,0.02,20,,0.001,0.7320388718152185,0.12878348820071284,-0.38109823548848054,734,1127,0.7082642558963796,0.3379272749338289,-0.2847132166984595,0.15075168797334634,465,0.875268817204301,24270,0.2301677199052186,0.10260515502465362,-0.38109823548848054,0.26923545025900564,0.5751985608063089,0.35061188191518855,0.17588735132077749,-0.168107562408932,1.0462786373222204,0.9736494170417777
4,8,0.25,1.0,1.0,0.2,,0.1,40,False,1,0.02,20,,0.001,0.7300821608598599,0.12866520189988195,-0.381098235488481,734,1127,0.7077477744057012,0.3376168922298014,-0.28471321669846006,0.15074964885003797,465,0.875268817204301,24268,0.22942328034478288,0.10242619007177844,-0.381098235488481,0.2687658470538218,0.5744245611617392,0.3506118819151878,0.17588735132077726,-0.1681075624089321,1.0462786373222184,0.9736494170417769
4,8,0.25,1.0,1.0,0.0,,0.1,60,True,1,0.02,20,0.15,0.001,0.720937282971195,0.12810853821051227,-0.4083310625419362,429,1370,0.7047832115003461,0.313736940346916,-0.2169291916653434,0.15778447604975054,337,0.7151335311572701,9691,0.21145825496160478,0.09797325739257978,-0.3462045926680044,0.2829923677140008,0.6027377144160242,0.37159881666551287,0.18193832353151373,-0.4083310625419362,0.44556571914689547,0.8525509128671601
4,8,0.25,0.5,1.0,0.0,,0.2,40,True,1,0.02,20,0.15,0.001,0.7182531729490905,0.12794393654309344,-0.35594669011757263,543,1136,0.7891505319686802,0.3594469062230423,-0.1373882418971364,0.13720817353367942,432,0.7847222222222222,10696,0.15765408871183334,0.0827942078084487,-0.35594669011757263,0.23260283100567947,0.5723876074895269,0.47933125603297105,0.20979364003072254,-0.28032110259420806,0.7484047333190579,1.1152127386333193
4,8,0.25,0.5,1.0,0.0,,0.2,40,False,1,0.02,20,0.25,0.001,0.69563018881468,0.1265340132942787,-0.441428103851357,600,1030,0.5908584119730808,0.28664693568510713,-0.2715826084459688,0.2006388356746749,462,0.8484848484848485,12866,0.14976678773929786,0.08028407562285089,-0.441428103851357,0.18187350311951392,0.43297362854374083,0.47949260042250885,0.20983190076563374,-0.34725461070489216,0.6042595095849007,0.8409322242804556
4,4,0.25,0.5,1.0,0.2,,0.1,60,False,1,0.02,20,0.15,0.001,0.6577152139420015,0.12407528533704149,-0.44528331458526915,705,1205,0.6095471396946579,0.27864346422367864,-0.2754794312499035,0.17218427486624674,381,0.7585301837270341,16140,0.1472011955578543,0.07944887510387644,-0.44528331458526915,0.17842320271504905,0.46126388888153136,0.46164370421567313,0.20554276795504123,-0.32430734674222494,0.6337900452141668,0.819255295813853
4,8,0.25,1.0,1.0,0.0,,0.2,60,True,1,0.02,20,0.15,0.001,0.6461271792313011,0.12329827180718778,-0.4210882216764724,457,1233,0.6970555807075657,0.2928086454574819,-0.21692919166534264,0.1573114611291182,298,0.6912751677852349,10053,0.21793476555909297,0.09960908120826728,-0.3899068465772706,0.2554689205451719,0.6246223211853352,0.30479373285365197,0.16179575170406935,-0.4210882216764724,0.38423243248152195,0.790721032492338
4,4,0.25,0.5,1.0,0.2,,0.2,60,True,1,0.02,20,0.15,0.001,0.6093024284220884,0.12074293537129877,-0.3506866308777795,675,1345,0.6612764452435225,0.34430435819316935,-0.1909900861693976,0.15280483221133925,319,0.6865203761755486,15015,0.20158690956842473,0.09540940009279186,-0.3506866308777795,0.27206454906472816,0.5733826459913202,0.3067589928470546,0.16242732155381612,-0.2922672827438201,0.5557492444208608,0.7803800129240979
4,4,0.25,0.5,1.0,0.2,,0.2,40,True,1,0.02,20,0.25,0.001,0.6070145188374667,0.12057963219881018,-0.40314284208769235,521,1297,0.6321548716603792,0.29909902796334775,-0.2880118735238181,0.16323993111484741,416,0.7836538461538461,15508,0.115421956197246,0.06823252864461393,-0.40314284208769235,0.1692514948083138,0.42784307992930337,0.5077412247454712,0.21639383221788022,-0.3942058302661542,0.5489361536631221,0.9290959358769386
4,8,0.25,0.5,1.0,0.2,,0.1,40,False,1,0.02,20,,0.001,0.6043039088757722,0.12038544168536514,-0.2797903424227107,525,904,0.7504141162756723,0.4302701824621427,-0.2137504373060991,0.12912891415554956,469,0.8805970149253731,23791,0.2215164893014346,0.10049870782183468,-0.2797903424227107,0.3591929119197402,0.6270933637702417,0.28305640545063304,0.15463103347639606,-0.16812060825555586,0.9197625150234132,0.9912876337016775
4,8,0.25,0.5,1.0,0.2,,0.2,40,False,1,0.02,20,,0.001,0.6043039088757722,0.12038544168536514,-0.2797903424227107,525,904,0.7504141162756723,0.4302701824621427,-0.2137504373060991,0.12912891415554956,469,0.8805970149253731,23791,0.2215164893014346,0.10049870782183468,-0.2797903424227107,0.3591929119197402,0.6270933637702417,0.28305640545063304,0.15463103347639606,-0.16812060825555586,0.9197625150234132,0.9912876337016775
4,8,0.25,0.5,1.0,0.2,,0.1,60,False,1,0.02,20,,0.001,0.6015046665181981,0.12018407948084087,-0.2865542561515171,401,897,0.7467760467889417,0.4194112524969544,-0.19970791076465988,0.12928596224312025,343,0.8425655976676385,23941,0.1977600834921042,0.09439141877693014,-0.2865542561515171,0.32940155921823117,0.5939683065111027,0.31908045278114905,0.16632907341181769,-0.17372142023267867,0.9574471195839878,1.050756028470951
4,4,0.25,1.0,1.0,0.2,,0.2,60,True,1,0.02,20,0.15,0.001,0.5902775459819221,0.1193679247683348,-0.3918407171155972,609,1344,0.6307306074610948,0.30463379519877715,-0.23794605041427985,0.1652027973651214,314,0.6719745222929936,15077,0.19661735775299832,0.09408473964643815,-0.3918407171155972,0.24010965562489553,0.5523589191150919,0.30253506284846426,0.16106667091012294,-0.30544690551327147,0.5273147902397876,0.7348374355646796
4,8,0.25,0.5,1.0,0.0,,0.1,60,True,1,0.02,20,0.15,0.001,0.5813916219327231,0.118712043260089,-0.4039649525047071,458,1376,0.7232647284746316,0.29386718457637917,-0.22271261562221323,0.14404078069414641,322,0.7391304347826086,10481,0.13303116803828754,0.0746575955488682,-0.31926146906513175,0.23384467836811676,0.5163178652386682,0.43011165024603365,0.1976714829267041,-0.4039649525047071,0.4893282986582872,1.0280930668662824
4,8,0.25,0.5,1.0,0.0,,0.1,40,True,1,0.02,20,0.15,0.001,0.5656493385952791,0.11752774476080319,-0.3815331192347132,502,1045,0.7347859147601921,0.3080407409887317,-0.2361844126966659,0.13431845960018463,424,0.7924528301886793,10425,0.10908327006472347,0.06577444314073055,-0.3815331192347132,0.17239510759291946,0.4737231063889027,0.49319280370757684,0.21304785467764598,-0.28032110259420784,0.7600136154788658,1.1329842936834489
4,4,0.25,0.5,1.0,0.2,,0.1,40,True,1,0.02,20,0.25,0.001,0.5656041852988074,0.11752430569959138,-0.40569733058049495,423,1318,0.6168801689968988,0.28968469063237584,-0.3012799000927374,0.16461999120326368,428,0.794392523364486,15371,0.10944145125099171,0.06591557019570837,-0.40036349732984433,0.1646393106147812,0.41833766818963575,0.4886699297608344,0.21199328091950864,-0.40569733058049495,0.5225404875505997,0.8987934385938091
4,8,0.25,0.5,1.0,0.0,,0.2,40,True,1,0.02,20,0.25,0.001,0.5645979566950291,0.11744760348304406,-0.396159181165998,530,1098,0.7111669479368325,0.29646568618545116,-0.2702549228521691,0.14876527040540544,441,0.7936507936507936,11122,0.11414468034404883,0.06774382044561333,-0.396159181165998,0.17100151571957994,0.4727788820372715,0.47484055476121784,0.20872504206309528,-0.3435449027812738,0.6075626224499251,1.0714389736189451
4,8,0.25,0.5,1.0,0.0,,0.1,40,True,1,0.02,20,0.25,0.001,0.5640278120196234,0.1174040886131904,-0.3961591811659987,530,1098,0.7086909851838522,0.29635584430389794,-0.27025492285217,0.14944542446778744,443,0.7968397291196389,11103,0.10993135927916618,0.06610815812512416,-0.3961591811659987,0.16687271497924344,0.4609053224313408,0.48859769637313644,0.21197638229652904,-0.3435449027812739,0.6170267134817276,1.08814450102083
4,8,0.25,0.5,1.0,0.2,,0.2,60,False,1,0.02,20,,0.001,0.5634244665046055,0.11735799696745186,-0.2872636869469727,407,895,0.7310898951022059,0.4085375294550039,-0.1893649773489624,0.12937850266090936,342,0.847953216374269,23921,0.1832791966137011,0.09040894482807915,-0.2872636869469727,0.3147245855852576,0.5721383597059915,0.31724173753533796,0.16575305166658083,-0.1849880217184442,0.8960204564966946,1.0500098640939928
4,4,0.25,1.0,1.0,0.5,,0.1,60,True,1,0.02,20,0.15,0.001,0.5616865001586002,0.11722498094068357,-0.2987747647697826,1150,1303,0.735452002611633,0.39235234953999515,-0.1533056858736015,0.12098696365300977,342,0.7251461988304093,14232,0.14719322469776538,0.07944626551784806,-0.2987747647697826,0.26590687998387164,0.5680774737808196,0.3859750938411686,0.18595214747809696,-0.268211542523233,0.693304045488607,0.976014410536932
4,4,0.25,0.5,1.0,0.2,,0.1,60,True,1,0.02,20,0.15,0.001,0.5541147237111755,0.11664115028299982,-0.4351137121327612,535,1425,0.6371445338599948,0.26807049980399256,-0.2840490345525347,0.15510407131948195,351,0.698005698005698,14859,0.15404546370505898,0.08165631188912137,-0.4351137121327612,0.18766660211390104,0.5074320059177924,0.36064144220434097,0.1788083747747271,-0.2512230313313537,0.711751521455394,0.8218214161527851
4,4,0.25,1.0,1.0,0.5,,0.2,40,True,1,0.02,20,,0.001,0.5288871153253787,0.11464324216867627,-0.34202737465647226,546,1297,0.690377059775653,0.33518732903710535,-0.2400014345419239,0.1300458055692735,409,0.7995110024449877,15017,0.09808626024993673,0.061302880562938755,-0.34202737465647226,0.17923384239203236,0.43683713564840837,0.5011049318816445,0.2148761896020175,-0.1786797289607498,1.2025773200563725,1.0695108031678473
4,4,0.25,1.0,1.0,0.5,,0.2,60,True,1,0.02,20,,0.001,0.5109065884558,0.11316686443493396,-0.34218809715193166,544,1096,0.6888948156546237,0.3307153737281745,-0.23040690655582963,0.1291578030007794,310,0.7677419354838709,15067,0.08602350832360214,0.0560590924238793,-0.34218809715193166,0.16382537233312658,0.41021911102300246,0.5302614425750223,0.22143992910306842,-0.1774359618754634,1.2479991471993146,1.1072744653774023
4,8,0.25,1.0,1.0,0.0,,0.2,40,True,1,0.02,20,0.15,0.001,0.5044121598700766,0.11262225688058036,-0.3701368825881941,494,2148,0.6567339551950003,0.3042719117669809,-0.24085225365966656,0.15139791725155335,420,0.7619047619047619,9982,0.08977213035428948,0.05772965726760271,-0.3701368825881941,0.15596839975504795,0.4064624256716109,0.49800174176117973,0.2141615819758822,-0.25626715436533687,0.8356965702696781,1.02194467360189
4,8,0.25,0.5,1.0,0.0,,0.2,60,True,1,0.02,20,0.15,0.001,0.49863938095798993,0.11213292443814904,-0.40844294557954164,458,1241,0.6933273354923252,0.27453754716963735,-0.2113427764745618,0.14320591734069066,304,0.7269736842105263,10581,0.14012139175844437,0.07709390223141499,-0.3191912118145208,0.24152889985020506,0.5356251705033723,0.34336691340747977,0.17374268772024926,-0.40844294557954164,0.42537810874349885,0.9195108964356621
4,4,0.25,1.0,1.0,0.5,,0.1,60,True,1,0.02,20,,0.001,0.4979797726709271,0.11207669352673677,-0.3412286324350978,546,1118,0.6804558555076821,0.3284504372535441,-0.2361878411435716,0.12993341977272338,339,0.7669616519174042,15089,0.08601226202051998,0.056054022040450624,-0.3412286324350978,0.16427115638108764,0.40916297466627854,0.5163750153206138,0.21834710673598634,-0.18196256159252056,1.1999562153062224,1.0871194214130442
4,4,0.25,1.0,1.0,0.5,,0.1,40,True,1,0.02,20,,0.001,0.48595240331828954,0.11103964403555877,-0.34202737465647237,549,1322,0.672826059180886,0.32465133572154997,-0.24000143454192446,0.12976824843285759,419,0.8114558472553699,14908,0.090314747144235,0.057968310319539196,-0.34202737465647237,0.16948441737378997,0.418480506913046,0.48334409848788407,0.21074253087826778,-0.17787977038108405,1.1847470368709134,1.0528027486340978
4,8,0.25,0.5,1.0,0.2,,0.2,40,False,1,0.02,20,0.25,0.001,0.4784431095831163,0.11038060125347915,-0.282724891483885,411,938,0.7067770824763072,0.3904169904324491,-0.18320196260125943,0.12568449252871022,455,0.8791208791208791,22786,0.17482954657929164,0.08798312132000174,-0.282724891483885,0.31119694080779825,0.5734379699357679,0.26804966870534525,0.14948127617267715,-0.19122430046878314,0.7817064871265124,0.9572633790551641
4,8,0.25,0.5,1.0,0.2,,0.1,40,False,1,0.02,20,0.25,0.001,0.4784431095831163,0.11038060125347915,-0.282724891483885,411,938,0.7067770824763072,0.3904169904324491,-0.18320196260125943,0.12568449252871022,455,0.8791208791208791,22786,0.17482954657929164,0.08798312132000174,-0.282724891483885,0.31119694080779825,0.5734379699357679,0.26804966870534525,0.14948127617267715,-0.19122430046878314,0.7817064871265124,0.9572633790551641
4,4,0.25,1.0,1.0,0.5,,0.2,60,True,1,0.02,20,0.15,0.001,0.4724167395106527,0.10984507021563794,-0.32581264705212354,524,1306,0.6940009476580604,0.3371418243260057,-0.23152824985777132,0.12085308638979898,313,0.7220447284345048,14203,0.11084407148382656,0.06646560526435796,-0.32581264705212354,0.20399946369707617,0.4900632654932426,0.39917541178021415,0.18954937439649622,-0.17743926537550814,1.0682493189732267,0.984749765858197
4,8,0.25,1.0,1.0,0.2,,0.1,40,False,1,0.02,20,0.25,0.001,0.4701096753120911,0.1096384585378849,-0.4044680870591366,665,1099,0.6595944913591762,0.2710682549396161,-0.19271707443139718,0.13732944192485563,432,0.8958333333333334,21732,0.1316004496583441,0.07415605008384762,-0.4044680870591366,0.1833421534515414,0.48278424981643264,0.34566814989532346,0.1744271138451392,-0.17713198099168592,0.984729651125656,0.9658976405631567
4,8,0.25,1.0,1.0,0.2,,0.2,40,False,1,0.02,20,0.25,0.001,0.4701096753120911,0.1096384585378849,-0.4044680870591366,665,1099,0.6595944913591762,0.2710682549396161,-0.19271707443139718,0.13732944192485563,432,0.8958333333333334,21732,0.1316004496583441,0.07415605008384762,-0.4044680870591366,0.1833421534515414,0.48278424981643264,0.34566814989532346,0.1744271138451392,-0.17713198099168592,0.984729651125656,0.9658976405631567
4,4,0.25,1.0,1.0,0.5,,0.2,40,True,1,0.02,20,0.25,0.001,0.4688380902356608,0.10952419810936975,-0.3539613446771238,367,1306,0.6683590759332632,0.30942417796857297,-0.2727218956351922,0.1245187645670769,403,0.8039702233250621,14485,0.07639573818157347,0.05158263178356326,-0.3539613446771238,0.14572956216621866,0.3847066438346075,0.5210794578243423,0.21940154320799565,-0.17814461059375952,1.231592370247553,1.0902183599874813
4,4,0.25,1.0,1.0,0.5,,0.2,60,True,1,0.02,20,0.25,0.001,0.44938117124578414,0.10774096061759142,-0.35564848208337285,367,1386,0.6646285382625632,0.30294227599805773,-0.25967075309024445,0.12347927694120353,303,0.759075907590759,14476,0.06831915984200727,0.04760010102814061,-0.35564848208337285,0.13384030419390897,0.3646707735032079,0.5411991734953955,0.22383501579960785,-0.17694204483998055,1.265018814505255,1.1146148484235434
4,8,0.25,1.0,1.0,0.0,,0.1,40,True,1,0.02,20,0.15,0.001,0.4480180486298153,0.1076135017832145,-0.435773593320401,554,3734,0.6383007170150853,0.24694819381607652,-0.24085225365966645,0.1483408117508688,423,0.7659574468085106,9807,0.05179274397737063,0.03868791025620544,-0.435773593320401,0.08877984083757982,0.3060002673564708,0.6151835068050308,0.23917026590101242,-0.2544833159502615,0.9398268998811615,1.1243152623527621
4,4,0.25,1.0,1.0,0.5,,0.1,40,True,1,0.02,20,0.25,0.001,0.42582158471515275,0.10548868612680251,-0.35396134467712415,383,1405,0.6479152585139245,0.29802318166416447,-0.27272189563519333,0.12438137462872767,414,0.8164251207729468,14396,0.06927347690801333,0.04808233883002733,-0.35396134467712415,0.13584064913609986,0.36459638728084304,0.49838855919935376,0.21425083244932552,-0.17787968918090413,1.2044704678533131,1.069451575401577
4,4,0.25,1.0,1.0,0.5,,0.1,60,True,1,0.02,20,0.25,0.001,0.42185937426772013,0.10509923964759804,-0.3547086502803857,402,1306,0.6473882431784308,0.2962973684586505,-0.2652307933386241,0.12475992555292816,333,0.7537537537537538,14509,0.0664778713403497,0.04666039141790623,-0.3547086502803857,0.13154568229735222,0.3576507222065366,0.5067403822399018,0.21616586579279096,-0.18196256159252022,1.1879689091037544,1.076508147486449
4,4,0.25,1.0,1.0,0.5,,0.2,40,True,1,0.02,20,0.15,0.001,0.40672998872591537,0.10358219567684923,-0.3170889527543598,483,1289,0.6549742338987193,0.326666049943063,-0.24477164476821267,0.1214596796192411,416,0.7644230769230769,14052,0.12746957555516694,0.07268845022481063,-0.3170889527543598,0.22923677912273532,0.5219977696185255,0.2942326557813069,0.15835657681624338,-0.27139836224194214,0.5834839072281285,0.8423352511796426
4,8,0.25,1.0,1.0,0.2,,0.2,60,False,1,0.02,20,0.25,0.001,0.3971091518025732,0.10259174818194827,-0.4015109001253554,658,1106,0.6237584511473289,0.255514229252352,-0.18440978180871725,0.13704675962982618,315,0.8539682539682539,21744,0.0885334384384838,0.057181891950158326,-0.4015109001253554,0.14241678602574828,0.39230912925756256,0.3914310733325474,0.1874489541103086,-0.17783851909755755,1.0540402330244272,1.0449791280730731
4,4,0.25,1.0,1.0,0.5,,0.1,40,True,1,0.02,20,0.15,0.001,0.3840098956314878,0.1012091731711171,-0.30988750910179685,483,1322,0.6434320724676706,0.3265997182799333,-0.24477164476821245,0.1209116985673647,430,0.7697674418604651,13950,0.11461134127102424,0.06792275203644471,-0.30988750910179685,0.2191851883069361,0.4958727154878124,0.30147276799197276,0.16072257094729925,-0.26936364618688413,0.5966750644435149,0.8508781380970132
4,4,0.25,0.5,1.0,0.2,,0.2,60,False,1,0.02,20,0.15,0.001,0.37534971522269345,0.10027253206060083,-0.44577028635606,720,1341,0.5292076254213367,0.22494216220707886,-0.27547943124990504,0.16889752187422416,319,0.7178683385579937,15960,0.08108230080735337,0.05379636894079076,-0.44577028635606,0.12068181883666601,0.3504476694154328,0.3800735017932273,0.1843168561477213,-0.32333973064916743,0.5700408538649715,0.7914434516615164
4,8,0.25,1.0,1.0,0.2,,0.1,60,False,1,0.02,20,0.25,0.001,0.37050736077802976,0.09974064088653378,-0.40151089285457764,671,1105,0.6101711190933485,0.24841328756343015,-0.18440978180871725,0.13699174442321188,315,0.8603174603174604,21675,0.08534659705932945,0.055753272519662334,-0.40151089285457764,0.13885867983127295,0.3852132615587439,0.3708242924932198,0.18171912960416692,-0.17743950785385054,1.0241187647670964,1.0194982670514285
4,4,0.25,0.5,1.0,0.5,,0.2,60,True,1,0.02,20,,0.001,0.35666924202099504,0.09818692457581313,-0.3486649643229285,589,1175,0.6315833526824375,0.28160823318305594,-0.24540689703956242,0.11981427140508022,304,0.75,14376,0.06922507376065021,0.0480579575087563,-0.3486649643229285,0.13783420310692793,0.3724456565331894,0.40763406410083286,0.19181196004661483,-0.17772713864409106,1.0792496942784267,1.0202130423730538
4,8,0.25,1.0,1.0,0.2,,0.1,60,False,1,0.02,20,0.15,0.001,0.3528915127144946,0.0977537688324257,-0.28489416819785174,453,1041,0.6691434778853168,0.3431230953261851,-0.17049312609183864,0.11903618602960912,317,0.8517350157728707,19753,0.09883325929593569,0.06161547602787554,-0.28489416819785174,0.2162749642003383,0.4756515864805374,0.3116402300605131,0.16398486696401915,-0.21336602356482515,0.7685612930504704,0.9634381189873992
4,8,0.25,1.0,1.0,0.0,,0.2,60,False,1,0.02,20,0.15,0.001,0.3517502806510446,0.09762213206273351,-0.4211868914551258,750,1212,0.5301658394659426,0.23177865703623018,-0.2882951219349571,0.17332501337914877,322,0.6987577639751553,10860,0.0920841379391902,0.05874110484927231,-0.4211868914551258,0.13946565299392924,0.3800687995490732,0.3222991916061383,0.16733227531692751,-0.3474259290777978,0.48163438969881095,0.7455154239279113
4,4,0.25,0.5,1.0,0.5,,0.1,60,True,1,0.02,20,,0.001,0.3305432872598929,0.09510692286602129,-0.3396030985223265,559,1145,0.6107416674904215,0.28005316582754525,-0.24130927875050767,0.12096577641765675,325,0.7507692307692307,14367,0.07064471538885128,0.048769631686105486,-0.3396030985223265,0.1436077347300741,0.37609035099753396,0.36825916083558985,0.1809909838260182,-0.18836975493168362,0.9608282597790633,0.9565767313462626
4,4,0.25,0.5,1.0,0.2,,0.1,40,False,1,0.02,20,0.15,0.001,0.32711854163715376,0.0946878912222835,-0.4335904393818111,739,1239,0.5050882753400731,0.21838094806076486,-0.25501940532328193,0.1708840369630236,459,0.7799564270152506,15723,0.06474423748239339,0.04576421705277922,-0.4335904393818111,0.10554710827578964,0.3129249078659163,0.37781851318412646,0.18368748259561363,-0.3168482023021729,0.5797333905036137,0.7965694938166065
4,4,0.25,0.5,1.0,0.5,,0.2,40,True,1,0.02,20,,0.001,0.32258186557042373,0.09412702467630063,-0.37022790540755945,632,1316,0.608452469312658,0.25424076170779836,-0.25500101612317927,0.12078465984237144,405,0.8049382716049382,14257,0.0653073477104602,0.046056539223767734,-0.37022790540755945,0.12440050723099096,0.3600618168428598,0.3772676173612758,0.18353334102471908,-0.17956706343151874,1.022088001649105,0.9795311832815866
4,8,0.25,1.0,1.0,0.2,,0.2,60,False,1,0.02,20,0.15,0.001,0.3216128141588482,0.09400635310680983,-0.33540524091219426,544,1132,0.6476618257986304,0.28027693559928524,-0.17876594065567075,0.11934264071653787,314,0.8439490445859873,19819,0.0883585091225353,0.057104200905252034,-0.33540524091219426,0.17025434888836857,0.449332091547957,0.3047532770101607,0.1617827232436464,-0.21336602356482792,0.7582403258993635,0.9454410465879508
4,8,0.25,0.5,1.0,0.0,,0.1,40,False,1,0.02,20,0.15,0.001,0.3173680535969864,0.09347410686288282,-0.4464043213986061,1729,2138,0.5511090575695671,0.20939337363496835,-0.2780377276411481,0.15162748757430933,435,0.7931034482758621,11204,0.06832183909438552,0.04760145946243299,-0.4464043213986061,0.10663306151090864,0.346374240436432,0.3519734926878648,0.17628713673881613,-0.2925380771912668,0.6026126186081285,0.8422078992769386
4,4,0.25,0.5,1.0,0.5,,0.1,40,True,1,0.02,20,,0.001,0.3104834520535137,0.09259788048181505,-0.3699655106509452,632,1322,0.5996740595312459,0.2502878722908289,-0.2550010161231797,0.1210936795318593,410,0.8048780487804879,14218,0.0606082702590873,0.0435797525338435,-0.3699655106509452,0.11779409506893224,0.34449354933081283,0.37884507689316943,0.18397431284725752,-0.17956706343151962,1.02454375168539,0.9836368075058481
4,4,0.25,0.5,1.0,0.2,,0.2,40,False,1,0.02,20,0.15,0.001,0.303546680768942,0.09169823127167653,-0.44606547635145044,541,1256,0.490904385461766,0.20557123591297263,-0.25501940532328193,0.17084984412944648,439,0.765375854214123,15782,0.07729549223181777,0.05201294650767174,-0.44606547635145044,0.11660383792331705,0.33883765865502824,0.30476485849304547,0.16178645307451767,-0.372547848977701,0.4342702649296506,0.7178050875387868
4,8,0.25,1.0,1.0,0.2,,0.2,60,True,1,0.02,20,,0.001,0.30009492661171067,0.09124408091246838,-0.2413430517742018,502,1090,0.7522849744851259,0.3780679834853313,-0.1613873613786414,0.10034397964583074,309,0.7637540453074434,17457,0.07768960937836188,0.052200629523186715,-0.2413430517742018,0.2162922410214035,0.4862941950401335,0.30942520578564137,0.16328003103441646,-0.12134878300221896,1.3455432101979197,1.15634432714758
4,8,0.25,1.0,1.0,0.2,,0.2,60,True,1,0.02,20,0.25,0.001,0.30009492661171067,0.09124408091246838,-0.2413430517742018,502,1090,0.7522849744851259,0.3780679834853313,-0.1613873613786414,0.10034397964583074,309,0.7637540453074434,17457,0.07768960937836188,0.052200629523186715,-0.2413430517742018,0.2162922410214035,0.4862941950401335,0.30942520578564137,0.16328003103441646,-0.12134878300221896,1.3455432101979197,1.15634432714758
4,8,0.25,1.0,1.0,0.2,,0.2,60,True,1,0.02,20,0.15,0.001,0.2941584234545553,0.09045261661660464,-0.27758666259670917,573,1161,0.7602891547771228,0.32585361187910683,-0.20231320185778634,0.09465325241422497,302,0.7582781456953642,16754,0.07522490233999045,0.05101879102821005,-0.27758666259670917,0.18379410073578545,0.4911722172562677,0.3094252060703644,0.16328003112522493,-0.12134878301544738,1.3455432107995662,1.1563443328081064
4,8,0.25,1.0,1.0,0.5,,0.2,40,False,1,0.02,20,,0.001,0.29166481011010187,0.09011615310525545,-0.2748252376170075,600,952,0.7235345911985945,0.32790348472595526,-0.16005565936012967,0.09260349622826178,470,0.8829787234042553,21072,0.10952804055493404,0.06594964634337441,-0.2748252376170075,0.23996939624329877,0.5417252287104308,0.2252193236740607,0.1337420012123769,-0.12102031497284071,1.105120253920932,1.0690733605813951
4,8,0.25,1.0,1.0,0.5,,0.1,40,False,1,0.02,20,,0.001,0.29166481011010187,0.09011615310525545,-0.2748252376170075,600,952,0.7235345911985945,0.32790348472595526,-0.16005565936012967,0.09260349622826178,470,0.8829787234042553,21072,0.10952804055493404,0.06594964634337441,-0.2748252376170075,0.23996939624329877,0.5417252287104308,0.2252193236740607,0.1337420012123769,-0.12102031497284071,1.105120253920932,1.0690733605813951
4,8,0.25,0.5,1.0,0.2,,0.1,60,False,1,0.02,20,0.25,0.001,0.29136332426407097,0.09007531005750091,-0.3947738311077911,857,1658,0.6052720537523868,0.2281694047569893,-0.22368901291582577,0.12454551487837115,330,0.8181818181818182,22640,0.08363512546587867,0.05497422947158315,-0.3947738311077911,0.1392549990391149,0.4026398016582992,0.2816138037859056,0.15414346944959556,-0.1680272638489153,0.9173717759767629,0.9787724310931092
4,8,0.25,1.0,1.0,0.5,,0.1,60,False,1,0.02,20,,0.001,0.2902246708317607,0.08992073312253313,-0.28678317443807366,608,960,0.722747456498316,0.3135495424329718,-0.17294955961248715,0.09245576764243424,342,0.8538011695906432,21148,0.11451249497156761,0.06788488798156167,-0.28678317443807366,0.23671154388529286,0.5545716353683493,0.2143344345534909,0.1294653052075574,-0.121398695216134,1.06644725445411,1.0445058727718783
4,8,0.25,0.5,1.0,0.2,,0.2,60,False,1,0.02,20,0.25,0.001,0.28903592301280845,0.08975881180535361,-0.3951572771887274,850,1658,0.6065487894176834,0.22714705507621144,-0.22526028336712034,0.12377076789903105,331,0.8308157099697885,22572,0.08063772317831794,0.05358926317311341,-0.3951572771887274,0.13561502284448412,0.39463487871777003,0.2869643102851965,0.15594404960444463,-0.1685768497628275,0.9250620700519907,1.0077851117718932
4,8,0.25,1.0,1.0,0.2,,0.1,60,True,1,0.02,20,0.25,0.001,0.2886727230691427,0.08970922834546347,-0.241343051774205,502,1090,0.7418143675828225,0.37170835325888457,-0.1613873613786424,0.10051947015745537,313,0.7699680511182109,17390,0.07675061495463233,0.0517526617200883,-0.241343051774205,0.21443609558938906,0.4830834414142806,0.29794747312042474,0.159575096693936,-0.12030710596263205,1.3263979331653175,1.1344572608778043
4,8,0.25,1.0,1.0,0.2,,0.1,60,True,1,0.02,20,,0.001,0.2886727230691427,0.08970922834546347,-0.241343051774205,502,1090,0.7418143675828225,0.37170835325888457,-0.1613873613786424,0.10051947015745537,313,0.7699680511182109,17390,0.07675061495463233,0.0517526617200883,-0.241343051774205,0.21443609558938906,0.4830834414142806,0.29794747312042474,0.159575096693936,-0.12030710596263205,1.3263979331653175,1.1344572608778043
4,4,0.25,0.5,1.0,0.5,,0.2,60,True,1,0.02,20,0.25,0.001,0.2845623040964108,0.08914440572135751,-0.38022232253085053,730,1416,0.5853890508135496,0.23445337224808652,-0.28355339006730507,0.11467550185906399,299,0.7391304347826086,13762,0.046815838001848166,0.03577001269041924,-0.38022232253085053,0.09407657197064469,0.30062928463496646,0.3998479081078227,0.18973045272951006,-0.17772713864409062,1.0675378795663661,1.0086796529226243
4,8,0.25,1.0,1.0,0.2,,0.1,60,True,1,0.02,20,0.15,0.001,0.2829576173057111,0.08892204664003467,-0.27758666259670917,573,1161,0.7496367874674518,0.3203397663569476,-0.20231320185778667,0.09482896245390912,306,0.7647058823529411,16687,0.07431198742806101,0.050576071679266255,-0.27758666259670917,0.18219921377399004,0.4878984176141209,0.2979474535428119,0.15957509029759942,-0.1203071070484184,1.326397868027675,1.134457310776228
4,4,0.25,0.5,1.0,0.5,,0.1,60,True,1,0.02,20,0.15,0.001,0.2784399679759404,0.08829033138797837,-0.36671156152183015,1785,2304,0.5938002300088372,0.24076233381238102,-0.21956132232553804,0.11129901414574639,323,0.7275541795665634,13239,0.09574665180283704,0.06031503315910558,-0.36671156152183015,0.16447540652604992,0.4606114637121905,0.2347727765306746,0.13739767285674276,-0.2740243659693118,0.5014067722434947,0.7813857973723909
4,8,0.25,1.0,1.0,0.5,,0.2,60,False,1,0.02,20,,0.001,0.2733627903407191,0.08757008457337512,-0.28678317443807366,608,960,0.7067980578507003,0.30535293691814724,-0.17294955961248715,0.09252291383349781,340,0.85,21140,0.10566285120711275,0.0644128284759593,-0.28678317443807366,0.2246046289227761,0.5304167082995945,0.2142751199830248,0.12944166237117782,-0.11791702817125616,1.097735114076857,1.046865563636
4,8,0.25,0.5,1.0,0.0,,0.2,40,False,1,0.02,20,0.15,0.001,0.2644234045404183,0.08627444067939005,-0.4464043213986061,1816,2222,0.5197218562180623,0.193265245302931,-0.2780377276411481,0.15092878766011653,434,0.7926267281105991,11231,0.06052804047270309,0.043536711220009794,-0.4464043213986061,0.09752753083484317,0.3245204296931893,0.3077746199457701,0.16275269722196173,-0.2925380771912677,0.5563470532950503,0.8012609765316884
4,4,0.25,0.5,1.0,0.5,,0.2,40,True,1,0.02,20,0.25,0.001,0.26298788861585515,0.08606300503746911,-0.40375584077671933,973,1559,0.5654789356021046,0.21315606201982534,-0.29617169106031505,0.1157961985904435,400,0.795,13729,0.046344176923863334,0.03548715790657653,-0.40375584077671933,0.0878926180691495,0.2978073280349539,0.36729218267408714,0.18071561190242824,-0.18533853697684766,0.9750568600042585,0.9616515732691675
4,4,0.25,0.5,1.0,0.5,,0.1,60,True,1,0.02,20,0.25,0.001,0.25940091758396505,0.08553047600632024,-0.3716009181933685,660,1422,0.5619431150499264,0.23016755830999613,-0.2796645319970513,0.11614454260508138,323,0.7275541795665634,13778,0.04275752921039914,0.03329848982872696,-0.3716009181933685,0.08960820116004008,0.28469859730283975,0.3777794315334361,0.18367655248135706,-0.18836975493168395,0.9750851592283009,0.970961069488795
4,8,0.25,1.0,1.0,0.2,,0.1,40,False,1,0.02,20,0.15,0.001,0.25839248056704583,0.08537966483430393,-0.354081071553221,870,1095,0.5928097335709169,0.241130271267468,-0.17595612408020633,0.12133742469626833,432,0.8680555555555556,19722,0.06816168664094945,0.047520213750539275,-0.354081071553221,0.13420715640654243,0.38678626478044925,0.2855140897275647,0.1554581050086059,-0.20281123734162043,0.7665162298021401,0.8999897715188185
4,8,0.25,1.0,1.0,0.2,,0.2,40,False,1,0.02,20,0.15,0.001,0.25839248056704583,0.08537966483430393,-0.354081071553221,870,1095,0.5928097335709169,0.241130271267468,-0.17595612408020633,0.12133742469626833,432,0.8680555555555556,19722,0.06816168664094945,0.047520213750539275,-0.354081071553221,0.13420715640654243,0.38678626478044925,0.2855140897275647,0.1554581050086059,-0.20281123734162043,0.7665162298021401,0.8999897715188185
4,4,0.25,0.5,1.0,0.5,,0.1,40,True,1,0.02,20,0.25,0.001,0.25789741322160775,0.08530544971992815,-0.40350741544573865,973,1559,0.5615200492651015,0.21140986870264727,-0.29617169106031604,0.11632179071961601,406,0.8004926108374384,13704,0.04184003748920518,0.03272756979580049,-0.40350741544573865,0.08110772824248506,0.28035341282969223,0.379395197497055,0.1841278052172528,-0.17956706355145768,1.0253985423361793,0.984278942483419
4,8,0.25,1.0,1.0,0.5,,0.2,40,False,1,0.02,20,0.25,0.001,0.2574890305548202,0.0852441407912028,-0.2605874104936249,572,1193,0.7011370588836757,0.32712302037050345,-0.20534566805862997,0.09080423275469374,457,0.8840262582056893,20343,0.09171258844423777,0.05857951002325845,-0.2605874104936249,0.22479792831239467,0.5014395773312206,0.22521932367406244,0.13374200121237756,-0.12102031497283883,1.1051202539209546,1.0690733605813967
4,8,0.25,1.0,1.0,0.5,,0.1,40,False,1,0.02,20,0.25,0.001,0.2574890305548202,0.0852441407912028,-0.2605874104936249,572,1193,0.7011370588836757,0.32712302037050345,-0.20534566805862997,0.09080423275469374,457,0.8840262582056893,20343,0.09171258844423777,0.05857951002325845,-0.2605874104936249,0.22479792831239467,0.5014395773312206,0.22521932367406244,0.13374200121237756,-0.12102031497283883,1.1051202539209546,1.0690733605813967
4,4,0.25,0.5,1.0,0.5,,0.2,60,True,1,0.02,20,0.15,0.001,0.2548688839803216,0.08484886705122863,-0.39021056663717213,973,2239,0.5742537394218165,0.2174437965185174,-0.295099536192436,0.11076309096247197,299,0.7190635451505016,13220,0.061772708004080246,0.044201543833436,-0.39021056663717213,0.11327613245936452,0.35996832249268246,0.2963544555738881,0.15905374629878,-0.1780984666024048,0.8930663432036104,0.8813399867309009
4,8,0.25,1.0,1.0,0.2,,0.1,40,True,1,0.02,20,0.25,0.001,0.25098740432464023,0.0842571058114141,-0.2380259707433814,480,958,0.6976901759495174,0.3539828261104024,-0.17509684011787874,0.10055322832469273,413,0.7990314769975787,17179,0.07181822107820833,0.04935263745087437,-0.2380259707433814,0.2073413976497633,0.4646311876408944,0.26507251770231877,0.14843859999883335,-0.13798692562492287,1.075743946946976,1.0454651025717547
4,8,0.25,1.0,1.0,0.2,,0.2,40,True,1,0.02,20,,0.001,0.25098740432464023,0.0842571058114141,-0.2380259707433814,480,958,0.6976901759495174,0.3539828261104024,-0.17509684011787874,0.10055322832469273,413,0.7990314769975787,17179,0.07181822107820833,0.04935263745087437,-0.2380259707433814,0.2073413976497633,0.4646311876408944,0.26507251770231877,0.14843859999883335,-0.13798692562492287,1.075743946946976,1.0454651025717547
4,8,0.25,1.0,1.0,0.2,,0.2,40,True,1,0.02,20,0.25,0.001,0.25098740432464023,0.0842571058114141,-0.2380259707433814,480,958,0.6976901759495174,0.3539828261104024,-0.17509684011787874,0.10055322832469273,413,0.7990314769975787,17179,0.07181822107820833,0.04935263745087437,-0.2380259707433814,0.2073413976497633,0.4646311876408944,0.26507251770231877,0.14843859999883335,-0.13798692562492287,1.075743946946976,1.0454651025717547
4,8,0.25,1.0,1.0,0.2,,0.1,40,True,1,0.02,20,,0.001,0.25098740432464023,0.0842571058114141,-0.2380259707433814,480,958,0.6976901759495174,0.3539828261104024,-0.17509684011787874,0.10055322832469273,413,0.7990314769975787,17179,0.07181822107820833,0.04935263745087437,-0.2380259707433814,0.2073413976497633,0.4646311876408944,0.26507251770231877,0.14843859999883335,-0.13798692562492287,1.075743946946976,1.0454651025717547
4,8,0.25,1.0,1.0,0.5,,0.1,60,False,1,0.02,20,0.25,0.001,0.2503342948875884,0.08415679464791448,-0.2730825441754071,1351,1974,0.6934392534479505,0.30817346785028726,-0.21372797443333114,0.09048445758436753,334,0.8562874251497006,20382,0.09302815174985067,0.05915006369153519,-0.2730825441754071,0.21660140845011963,0.5045015869172161,0.21433443455349113,0.1294653052075576,-0.12139869521613367,1.0664472544541146,1.0445058727718808
4,8,0.25,1.0,1.0,0.5,,0.2,60,False,1,0.02,20,0.25,0.001,0.24884430048690181,0.08392713795012119,-0.2730825441754071,1351,1974,0.6918970898167847,0.3073324888031396,-0.21372797443333114,0.09046515386838809,333,0.8558558558558559,20387,0.09302815174985067,0.05915006369153519,-0.2730825441754071,0.21660140845011963,0.5045015869172161,0.21264262281282667,0.12878947523738948,-0.12139869521613367,1.0608802261679795,1.040202314490064
4,4,0.25,0.5,1.0,0.5,,0.1,60,False,1,0.02,20,0.15,0.001,0.2458789739768565,0.08346670172944015,-0.4200744342856315,1796,2853,0.5116917985305733,0.19869502858792543,-0.24119258511523034,0.12849625029143175,330,0.7848484848484848,14747,0.04379475631339659,0.033938416487995005,-0.4200744342856315,0.08079143532195636,0.2765272078505396,0.350941427283901,0.1759842040623456,-0.25051108409891665,0.7025006685646555,0.853886238052628
4,8,0.25,1.0,1.0,0.2,,0.2,40,True,1,0.02,20,0.15,0.001,0.23695939476777847,0.08205374287276768,-0.27229619050077214,535,1032,0.6960976141684339,0.30134003241787916,-0.21883892616793066,0.09529797407467107,410,0.802439024390244,16539,0.06529753496944923,0.04605145542910516,-0.27229619050077214,0.16912265773683152,0.4534783411966068,0.26507251770508683,0.14843859999980613,-0.13798692562492354,1.0757439469540206,1.0454651025051709
4,8,0.25,1.0,1.0,0.2,,0.1,40,True,1,0.02,20,0.15,0.001,0.23695939476777847,0.08205374287276768,-0.27229619050077214,535,1032,0.6960976141684339,0.30134003241787916,-0.21883892616793066,0.09529797407467107,410,0.802439024390244,16539,0.06529753496944923,0.04605145542910516,-0.27229619050077214,0.16912265773683152,0.4534783411966068,0.26507251770508683,0.14843859999980613,-0.13798692562492354,1.0757439469540206,1.0454651025051709
4,8,0.25,0.5,1.0,0.0,,0.1,60,False,1,0.02,20,0.15,0.001,0.23682082954329617,0.08203145198415274,-0.4251246176375545,565,1199,0.49250082978729226,0.19295860220941077,-0.2709921973378008,0.15276661080168405,318,0.7484276729559748,10788,0.05047423764675171,0.03792648232240392,-0.4251246176375545,0.08921262319073377,0.29277440054776827,0.3035588585147183,0.16139757259917897,-0.37671170572898294,0.42843790130400927,0.7790845468017639
4,8,0.25,0.5,1.0,0.5,,0.1,60,False,1,0.02,20,0.25,0.001,0.2219651238168042,0.07957764885051333,-0.24841512106138997,577,913,0.6840870161300188,0.32034140478448403,-0.14916184041748082,0.08485014997796693,335,0.8417910447761194,20155,0.09209530943553386,0.05874595799768079,-0.24841512106138997,0.236483019820533,0.5184896842729567,0.18391143664335463,0.1168174548930152,-0.11400916653680537,1.0246321277623167,0.9886407226744398
4,8,0.25,0.5,1.0,0.5,,0.1,60,False,1,0.02,20,,0.001,0.2219651238168042,0.07957764885051333,-0.24841512106138997,577,913,0.6840870161300188,0.32034140478448403,-0.14916184041748082,0.08485014997796693,335,0.8417910447761194,20155,0.09209530943553386,0.05874595799768079,-0.24841512106138997,0.236483019820533,0.5184896842729567,0.18391143664335463,0.1168174548930152,-0.11400916653680537,1.0246321277623167,0.9886407226744398
4,8,0.25,0.5,1.0,0.5,,0.2,60,False,1,0.02,20,0.25,0.001,0.2219651238168042,0.07957764885051333,-0.24841512106138997,577,913,0.6840870161300188,0.32034140478448403,-0.14916184041748082,0.08485014997796693,335,0.8417910447761194,20155,0.09209530943553386,0.05874595799768079,-0.24841512106138997,0.236483019820533,0.5184896842729567,0.18391143664335463,0.1168174548930152,-0.11400916653680537,1.0246321277623167,0.9886407226744398
4,8,0.25,0.5,1.0,0.5,,0.2,60,False,1,0.02,20,,0.001,0.2219651238168042,0.07957764885051333,-0.24841512106138997,577,913,0.6840870161300188,0.32034140478448403,-0.14916184041748082,0.08485014997796693,335,0.8417910447761194,20155,0.09209530943553386,0.05874595799768079,-0.24841512106138997,0.236483019820533,0.5184896842729567,0.18391143664335463,0.1168174548930152,-0.11400916653680537,1.0246321277623167,0.9886407226744398
4,8,0.25,0.5,1.0,0.5,,0.1,40,False,1,0.02,20,0.25,0.001,0.22051341783215497,0.07933078714435426,-0.24465923179343485,559,932,0.6801795074200366,0.3242501276687284,-0.14427591782627958,0.08486218530941854,461,0.8720173535791758,20105,0.0901119397150551,0.05787920380959655,-0.24465923179343485,0.23657069216363683,0.5058088916371277,0.18602811586805718,0.11773318259473964,-0.11511915226371194,1.022707171479508,1.0150386079576628
4,8,0.25,0.5,1.0,0.5,,0.2,40,False,1,0.02,20,0.25,0.001,0.22051341783215497,0.07933078714435426,-0.24465923179343485,559,932,0.6801795074200366,0.3242501276687284,-0.14427591782627958,0.08486218530941854,461,0.8720173535791758,20105,0.0901119397150551,0.05787920380959655,-0.24465923179343485,0.23657069216363683,0.5058088916371277,0.18602811586805718,0.11773318259473964,-0.11511915226371194,1.022707171479508,1.0150386079576628
4,8,0.25,0.5,1.0,0.5,,0.2,40,False,1,0.02,20,,0.001,0.22051341783215497,0.07933078714435426,-0.24465923179343485,559,932,0.6801795074200366,0.3242501276687284,-0.14427591782627958,0.08486218530941854,461,0.8720173535791758,20105,0.0901119397150551,0.05787920380959655,-0.24465923179343485,0.23657069216363683,0.5058088916371277,0.18602811586805718,0.11773318259473964,-0.11511915226371194,1.022707171479508,1.0150386079576628
4,8,0.25,0.5,1.0,0.5,,0.1,40,False,1,0.02,20,,0.001,0.22051341783215497,0.07933078714435426,-0.24465923179343485,559,932,0.6801795074200366,0.3242501276687284,-0.14427591782627958,0.08486218530941854,461,0.8720173535791758,20105,0.0901119397150551,0.05787920380959655,-0.24465923179343485,0.23657069216363683,0.5058088916371277,0.18602811586805718,0.11773318259473964,-0.11511915226371194,1.022707171479508,1.0150386079576628
4,4,0.25,0.5,1.0,0.5,,0.1,40,True,1,0.02,20,0.15,0.001,0.20407014263129117,0.07643919243721409,-0.3965712029159737,973,2170,0.5286523797870016,0.1927502346997449,-0.28796354497064547,0.1102184915601204,410,0.7707317073170732,12929,0.06039212638337039,0.04346373742092746,-0.3965712029159737,0.1095988238715776,0.35526808288785555,0.229451158235518,0.13537231260520777,-0.26745992480913805,0.5061405468569198,0.7761510019099847
4,4,0.25,0.5,1.0,0.5,,0.1,40,False,1,0.02,20,0.15,0.001,0.2038360813155649,0.07639670583531388,-0.4282749945254043,920,1975,0.47907009375058573,0.17838236369595517,-0.2603259687857631,0.12881575838916448,418,0.8253588516746412,14592,0.043969134512161216,0.03404543485761691,-0.4282749945254043,0.07949433259661721,0.2762903280976175,0.2816615279363399,0.15415962395512794,-0.3066038956785665,0.5027973425254317,0.778736621209401
4,4,0.25,0.5,1.0,0.5,,0.2,40,True,1,0.02,20,0.15,0.001,0.20374753816288763,0.07638062342490803,-0.3968217734946149,973,1559,0.5275647771369981,0.19248092853439294,-0.28796354497064547,0.1103756445143091,405,0.7728395061728395,12975,0.06192371882524297,0.04428178645259151,-0.3968217734946149,0.11159112077601871,0.3604374918255226,0.22479173773534294,0.13357628482859707,-0.26745992480913783,0.4994254183086251,0.76482138356026
4,8,0.25,0.5,1.0,0.2,,0.1,60,True,1,0.02,20,0.25,0.001,0.19846154679951358,0.0754102756531585,-0.22559001898543118,508,1096,0.6894096278000597,0.33428019551711,-0.1594382432225263,0.0891030220510692,311,0.7588424437299035,16931,0.057118327410866955,0.041683079833647385,-0.22559001898543118,0.18477359956399186,0.42859966935977556,0.23438851243651274,0.1372523352724404,-0.11630619583926138,1.180094785854119,1.0923949741838992
4,8,0.25,0.5,1.0,0.2,,0.1,60,True,1,0.02,20,,0.001,0.19846154679951358,0.0754102756531585,-0.22559001898543118,508,1096,0.6894096278000597,0.33428019551711,-0.1594382432225263,0.0891030220510692,311,0.7588424437299035,16931,0.057118327410866955,0.041683079833647385,-0.22559001898543118,0.18477359956399186,0.42859966935977556,0.23438851243651274,0.1372523352724404,-0.11630619583926138,1.180094785854119,1.0923949741838992
4,8,0.25,0.5,1.0,0.2,,0.2,60,True,1,0.02,20,0.25,0.001,0.19687047630267027,0.07511418686123417,-0.22559001898543252,508,1096,0.6885965817862804,0.33296768713018576,-0.15943824322252775,0.08928389373921486,310,0.7548387096774194,16979,0.05656873932773122,0.04137974747245998,-0.22559001898543252,0.18342898173669678,0.42502575385964564,0.23249363485690014,0.1365335888114405,-0.11991378170249445,1.1385979732519798,1.098217300991398
4,8,0.25,0.5,1.0,0.2,,0.2,60,True,1,0.02,20,,0.001,0.19687047630267027,0.07511418686123417,-0.22559001898543252,508,1096,0.6885965817862804,0.33296768713018576,-0.15943824322252775,0.08928389373921486,310,0.7548387096774194,16979,0.05656873932773122,0.04137974747245998,-0.22559001898543252,0.18342898173669678,0.42502575385964564,0.23249363485690014,0.1365335888114405,-0.11991378170249445,1.1385979732519798,1.098217300991398
4,4,0.25,0.5,1.0,0.5,,0.2,60,False,1,0.02,20,0.15,0.001,0.19579151659945618,0.07491231830410716,-0.441605945602053,897,2853,0.4714186770053233,0.16963611801461873,-0.24119258511522912,0.12817440836990307,305,0.7770491803278688,14793,0.03240289047889666,0.026570462242739623,-0.441605945602053,0.060167809123392604,0.23610660784359758,0.3150132282598476,0.16505202239540484,-0.2329910252847086,0.7084050649320754,0.8185358275413398
4,8,0.25,0.5,1.0,0.2,,0.2,60,True,1,0.02,20,0.15,0.001,0.194590535997833,0.07468658218042634,-0.2644366390158953,584,1170,0.6992815837770145,0.28243658843333325,-0.20228652956094184,0.08472681808035,303,0.7557755775577558,16277,0.05813999574477837,0.04224356065702928,-0.2644366390158953,0.15974927231808453,0.44732046163243977,0.22474542735415567,0.13355832565917702,-0.12147262407334025,1.0994932123845444,1.0745030460800826
4,8,0.25,0.5,1.0,0.2,,0.1,60,True,1,0.02,20,0.15,0.001,0.19456371862950106,0.07468152903064684,-0.2644366390158962,584,1170,0.6949751801324925,0.2824174793197151,-0.20228652956094173,0.08494597036470435,303,0.7623762376237624,16258,0.05714151273804256,0.041695848115981704,-0.2644366390158962,0.15767802930468808,0.44287174153574954,0.2275569850832955,0.13464477109334783,-0.12108439321523223,1.1119911288155153,1.0644421352920932
4,8,0.25,1.0,1.0,0.5,,0.2,40,False,1,0.02,20,0.15,0.001,0.1804645541395647,0.07194549578679665,-0.30903774433338516,823,1613,0.6374786164882777,0.23280488259447998,-0.13815453013502355,0.0831644766294418,449,0.8864142538975501,18867,0.05092380267604555,0.038187020283536155,-0.30903774433338516,0.1235674961513458,0.37599279047309514,0.22717480324383746,0.1344975489066298,-0.12197999133059001,1.1026197611550466,1.0796302523109094
4,8,0.25,1.0,1.0,0.5,,0.1,40,False,1,0.02,20,0.15,0.001,0.1804645541395647,0.07194549578679665,-0.30903774433338516,823,1613,0.6374786164882777,0.23280488259447998,-0.13815453013502355,0.0831644766294418,449,0.8864142538975501,18867,0.05092380267604555,0.038187020283536155,-0.30903774433338516,0.1235674961513458,0.37599279047309514,0.22717480324383746,0.1344975489066298,-0.12197999133059001,1.1026197611550466,1.0796302523109094
4,8,0.25,1.0,1.0,0.5,,0.1,60,False,1,0.02,20,0.15,0.001,0.1753028897987268,0.07090196788716896,-0.30707452827006754,823,1627,0.6283649195913383,0.23089498268254838,-0.13781456811821802,0.08318861130941732,323,0.8637770897832817,18913,0.05134132778208528,0.03842813770074116,-0.30707452827006754,0.125142706942284,0.3765404324259827,0.21793468302192132,0.13089341303783475,-0.11791702817125527,1.1100467427633387,1.0574278277944988
4,8,0.25,1.0,1.0,0.5,,0.2,60,False,1,0.02,20,0.15,0.001,0.1741961486590804,0.0706751189565038,-0.30707452827006754,823,1627,0.6267184964170721,0.2301562404236475,-0.13781456811821802,0.08316930759339468,322,0.8633540372670807,18918,0.05134132778208528,0.03842813770074116,-0.30707452827006754,0.125142706942284,0.3765404324259827,0.21622448155592838,0.13021672854131494,-0.11791702817125527,1.1043080932483844,1.0531206997351017
4,8,0.25,0.5,1.0,0.2,,0.1,40,True,1,0.02,20,0.25,0.001,0.17355690999783416,0.07054358489079515,-0.23750073624155288,496,968,0.6453725051586665,0.29702469982681645,-0.17721343979574689,0.08891061058600663,419,0.7804295942720764,16673,0.05697493699969646,0.041604063149800696,-0.23750073624155288,0.17517445970140827,0.4262082312378279,0.19727923175114387,0.12250787571206256,-0.15799030688643334,0.7754138727012141,0.976735965646326
4,8,0.25,0.5,1.0,0.2,,0.1,40,True,1,0.02,20,,0.001,0.17355690999783416,0.07054358489079515,-0.23750073624155288,496,968,0.6453725051586665,0.29702469982681645,-0.17721343979574689,0.08891061058600663,419,0.7804295942720764,16673,0.05697493699969646,0.041604063149800696,-0.23750073624155288,0.17517445970140827,0.4262082312378279,0.19727923175114387,0.12250787571206256,-0.15799030688643334,0.7754138727012141,0.976735965646326
4,8,0.25,0.5,1.0,0.2,,0.2,40,True,1,0.02,20,0.25,0.001,0.17355690999783416,0.07054358489079515,-0.23750073624155288,496,968,0.6453725051586665,0.29702469982681645,-0.17721343979574689,0.08891061058600663,419,0.7804295942720764,16673,0.05697493699969646,0.041604063149800696,-0.23750073624155288,0.17517445970140827,0.4262082312378279,0.19727923175114387,0.12250787571206256,-0.15799030688643334,0.7754138727012141,0.976735965646326
4,8,0.25,0.5,1.0,0.2,,0.2,40,True,1,0.02,20,,0.001,0.17355690999783416,0.07054358489079515,-0.23750073624155288,496,968,0.6453725051586665,0.29702469982681645,-0.17721343979574689,0.08891061058600663,419,0.7804295942720764,16673,0.05697493699969646,0.041604063149800696,-0.23750073624155288,0.17517445970140827,0.4262082312378279,0.19727923175114387,0.12250787571206256,-0.15799030688643334,0.7754138727012141,0.976735965646326
4,8,0.25,0.5,1.0,0.2,,0.2,60,False,1,0.02,20,0.15,0.001,0.17139702537559548,0.07009636120417961,-0.32208369324875663,749,1127,0.5381492612327641,0.21763399598762584,-0.17908575811262317,0.10734401247212214,325,0.8246153846153846,19508,0.04739616769832448,0.036116495032371354,-0.32208369324875663,0.11213388255728088,0.3226794626684885,0.22101868743296177,0.1321059991112543,-0.2697726053570918,0.4896938995580691,0.8818110713850966
4,8,0.25,0.5,1.0,0.2,,0.1,60,False,1,0.02,20,0.15,0.001,0.16825585815151411,0.06943812496219115,-0.3220836932487575,744,1127,0.5298698999006499,0.2155903152431919,-0.17908575811262317,0.10824826498767547,326,0.8251533742331288,19682,0.04414443801651953,0.034152858286388144,-0.3220836932487575,0.10603721642005201,0.30580561182432453,0.22600134897406024,0.1340446124573813,-0.26975187430851566,0.4969181875046928,0.8965657411460737
4,8,0.25,0.5,1.0,0.2,,0.1,40,True,1,0.02,20,0.15,0.001,0.1379728188455679,0.06255747327419847,-0.26098364141676167,550,910,0.5967040850798396,0.2396988291473073,-0.22194108493905784,0.08347097962867468,415,0.7855421686746988,15791,0.04831887867303591,0.036663933357998335,-0.26098364141676167,0.14048364548431652,0.3963025466512248,0.1654543333642131,0.10858190537888235,-0.22144103371756707,0.4903422981549624,0.8892715929465457
4,8,0.25,0.5,1.0,0.2,,0.2,40,True,1,0.02,20,0.15,0.001,0.1379728188455679,0.06255747327419847,-0.26098364141676167,550,910,0.5967040850798396,0.2396988291473073,-0.22194108493905784,0.08347097962867468,415,0.7855421686746988,15791,0.04831887867303591,0.036663933357998335,-0.26098364141676167,0.14048364548431652,0.3963025466512248,0.1654543333642131,0.10858190537888235,-0.22144103371756707,0.4903422981549624,0.8892715929465457
4,8,0.25,0.5,1.0,0.5,,0.2,40,False,1,0.02,20,0.15,0.001,0.13040733329693097,0.0606645897578757,-0.30176081994339055,864,1660,0.5726128322225903,0.20103534239221713,-0.1778175651617211,0.07656484616100162,438,0.8835616438356164,18005,0.03705943393952132,0.029675757036877082,-0.30176081994339055,0.09834198171400836,0.3151490266813327,0.18602811586807613,0.11773318259474785,-0.11511915226371217,1.0227071714795775,1.0150386079577214
4,8,0.25,0.5,1.0,0.5,,0.1,40,False,1,0.02,20,0.15,0.001,0.13040733329693097,0.0606645897578757,-0.30176081994339055,864,1660,0.5726128322225903,0.20103534239221713,-0.1778175651617211,0.07656484616100162,438,0.8835616438356164,18005,0.03705943393952132,0.029675757036877082,-0.30176081994339055,0.09834198171400836,0.3151490266813327,0.18602811586807613,0.11773318259474785,-0.11511915226371217,1.0227071714795775,1.0150386079577214
4,8,0.25,0.5,1.0,0.5,,0.2,60,False,1,0.02,20,0.15,0.001,0.12632405496068028,0.05960947648033299,-0.303315635118503,888,1660,0.5613525391043046,0.19652622410000078,-0.1773071768993576,0.07690469145930529,315,0.8476190476190476,18070,0.03442124949869715,0.027933291909463698,-0.303315635118503,0.09209314877075289,0.2999094165679519,0.18673021114669003,0.11803567844526297,-0.11267190755584933,1.0476052194887615,1.0059076907638944
4,8,0.25,0.5,1.0,0.5,,0.1,60,False,1,0.02,20,0.15,0.001,0.12632405496068028,0.05960947648033299,-0.303315635118503,888,1660,0.5613525391043046,0.19652622410000078,-0.1773071768993576,0.07690469145930529,315,0.8476190476190476,18070,0.03442124949869715,0.027933291909463698,-0.303315635118503,0.09209314877075289,0.2999094165679519,0.18673021114669003,0.11803567844526297,-0.11267190755584933,1.0476052194887615,1.0059076907638944
4,8,0.25,1.0,1.0,0.5,,0.2,60,True,1,0.02,20,,0.001,0.12505486977152677,0.05927649967119253,-0.19113018935580395,530,1096,0.675381740920785,0.31013677049649463,-0.13181302439430664,0.06509113611353967,310,0.7741935483870968,15168,0.03905004042864012,0.030962575416943805,-0.19113018935580395,0.1619973041480356,0.3947293530583303,0.17112291919695796,0.1111605998834333,-0.09131940393185878,1.2172725083310851,1.1111100184124225
4,8,0.25,1.0,1.0,0.5,,0.2,60,True,1,0.02,20,0.25,0.001,0.12505486977152677,0.05927649967119253,-0.19113018935580395,530,1096,0.675381740920785,0.31013677049649463,-0.13181302439430664,0.06509113611353967,310,0.7741935483870968,15168,0.03905004042864012,0.030962575416943805,-0.19113018935580395,0.1619973041480356,0.3947293530583303,0.17112291919695796,0.1111605998834333,-0.09131940393185878,1.2172725083310851,1.1111100184124225
4,8,0.25,0.5,1.0,0.2,,0.1,40,False,1,0.02,20,0.15,0.001,0.1248096396558141,0.05921188186078652,-0.34424165715980204,870,1850,0.46754294989561995,0.1720067302409583,-0.17908575811262317,0.10516323252980397,420,0.8666666666666667,18820,0.01589145365418208,0.014297338136198157,-0.34424165715980204,0.041532852979385707,0.1714712402195213,0.2507400762668123,0.14331627587859663,-0.21404204471353283,0.6695706727638798,0.9444567853032809
4,8,0.25,0.5,1.0,0.2,,0.2,40,False,1,0.02,20,0.15,0.001,0.1248096396558141,0.05921188186078652,-0.34424165715980204,870,1850,0.46754294989561995,0.1720067302409583,-0.17908575811262317,0.10516323252980397,420,0.8666666666666667,18820,0.01589145365418208,0.014297338136198157,-0.34424165715980204,0.041532852979385707,0.1714712402195213,0.2507400762668123,0.14331627587859663,-0.21404204471353283,0.6695706727638798,0.9444567853032809
4,8,0.25,1.0,1.0,0.5,,0.1,60,True,1,0.02,20,0.25,0.001,0.12273951812559056,0.05866273581364667,-0.19113018935580395,530,1096,0.6675678333779496,0.30692553599913697,-0.13181302439430664,0.06517850403382396,311,0.77491961414791,15167,0.03905004042864012,0.030962575416943805,-0.19113018935580395,0.1619973041480356,0.3947293530583303,0.16711612241043117,0.1093425716519818,-0.09131940393185878,1.1973640534663548,1.0885214255318068
4,8,0.25,1.0,1.0,0.5,,0.1,60,True,1,0.02,20,,0.001,0.12273951812559056,0.05866273581364667,-0.19113018935580395,530,1096,0.6675678333779496,0.30692553599913697,-0.13181302439430664,0.06517850403382396,311,0.77491961414791,15167,0.03905004042864012,0.030962575416943805,-0.19113018935580395,0.1619973041480356,0.3947293530583303,0.16711612241043117,0.1093425716519818,-0.09131940393185878,1.1973640534663548,1.0885214255318068
4,8,0.25,1.0,1.0,0.5,,0.1,40,True,1,0.02,20,,0.001,0.12209065284229348,0.05848924230846375,-0.19166220464660388,546,1055,0.6640717572597359,0.30516836856963564,-0.13750700518917047,0.06522772216409999,409,0.8019559902200489,15087,0.04148706918556226,0.0325066975087176,-0.19166220464660388,0.1696041093164666,0.4116979650552745,0.15932192382220745,0.10574020690692709,-0.09063334983889948,1.166680996508239,1.0503114653085335
4,8,0.25,1.0,1.0,0.5,,0.2,40,True,1,0.02,20,,0.001,0.12209065284229348,0.05848924230846375,-0.19166220464660388,546,1055,0.6640717572597359,0.30516836856963564,-0.13750700518917047,0.06522772216409999,409,0.8019559902200489,15087,0.04148706918556226,0.0325066975087176,-0.19166220464660388,0.1696041093164666,0.4116979650552745,0.15932192382220745,0.10574020690692709,-0.09063334983889948,1.166680996508239,1.0503114653085335
4,8,0.25,1.0,1.0,0.5,,0.1,40,True,1,0.02,20,0.25,0.001,0.12209065284229348,0.05848924230846375,-0.19166220464660388,546,1055,0.6640717572597359,0.30516836856963564,-0.13750700518917047,0.06522772216409999,409,0.8019559902200489,15087,0.04148706918556226,0.0325066975087176,-0.19166220464660388,0.1696041093164666,0.4116979650552745,0.15932192382220745,0.10574020690692709,-0.09063334983889948,1.166680996508239,1.0503114653085335
4,8,0.25,1.0,1.0,0.5,,0.2,40,True,1,0.02,20,0.25,0.001,0.12209065284229348,0.05848924230846375,-0.19166220464660388,546,1055,0.6640717572597359,0.30516836856963564,-0.13750700518917047,0.06522772216409999,409,0.8019559902200489,15087,0.04148706918556226,0.0325066975087176,-0.19166220464660388,0.1696041093164666,0.4116979650552745,0.15932192382220745,0.10574020690692709,-0.09063334983889948,1.166680996508239,1.0503114653085335
4,8,0.25,1.0,1.0,0.5,,0.2,60,True,1,0.02,20,0.15,0.001,0.11658093614631586,0.05698886942159187,-0.2037188588320339,378,1152,0.6531331628178181,0.2797427285246044,-0.14836853146278728,0.06351342042047922,309,0.7637540453074434,14844,0.03343266144926204,0.02726907985153426,-0.2037188588320339,0.1338564333605344,0.3548085966663365,0.17351060976377886,0.11223338732606436,-0.09121891409678673,1.2303740779788332,1.1188229937419332
4,8,0.25,1.0,1.0,0.5,,0.2,40,True,1,0.02,20,0.15,0.001,0.11613957919756045,0.056866520256153796,-0.2027736261290749,383,1121,0.6493328556327034,0.28044337590508733,-0.15540109745706998,0.0637096745444673,409,0.80440097799511,14811,0.03596041994283308,0.02895511194677014,-0.2027736261290749,0.14279525646170008,0.37323765366398043,0.16389153506596635,0.10786293482029796,-0.09052300494226029,1.1915527427431056,1.0720072349376886
4,8,0.25,1.0,1.0,0.5,,0.1,40,True,1,0.02,20,0.15,0.001,0.11613957919756045,0.056866520256153796,-0.2027736261290749,383,1121,0.6493328556327034,0.28044337590508733,-0.15540109745706998,0.0637096745444673,409,0.80440097799511,14811,0.03596041994283308,0.02895511194677014,-0.2027736261290749,0.14279525646170008,0.37323765366398043,0.16389153506596635,0.10786293482029796,-0.09052300494226029,1.1915527427431056,1.0720072349376886
4,8,0.25,1.0,1.0,0.5,,0.1,60,True,1,0.02,20,0.15,0.001,0.1143834768124215,0.05637643105816137,-0.2037188588320339,378,1152,0.6453534746265399,0.27673643658412456,-0.14836853146278728,0.0636007883407635,310,0.7645161290322581,14843,0.03343266144926204,0.02726907985153426,-0.2037188588320339,0.1338564333605344,0.3548085966663365,0.16947059459558889,0.11041360385072063,-0.09121891409678673,1.2104244491835061,1.0962434681213495
4,8,0.25,0.5,1.0,0.5,,0.1,60,True,1,0.02,20,0.25,0.001,0.10015061042238788,0.05219681660452169,-0.2011027375177924,602,1188,0.6238886036241179,0.25955298892887335,-0.14082590325018618,0.06039556247814956,304,0.756578947368421,14474,0.03306611940990786,0.027021205162605755,-0.2011027375177924,0.13436517819761193,0.3619631975240134,0.1429511374801532,0.09787180503521342,-0.09140099686888126,1.0707958161070696,1.0278369455596865
4,8,0.25,0.5,1.0,0.5,,0.2,60,True,1,0.02,20,,0.001,0.10015061042238788,0.05219681660452169,-0.2011027375177924,602,1188,0.6238886036241179,0.25955298892887335,-0.14082590325018618,0.06039556247814956,304,0.756578947368421,14474,0.03306611940990786,0.027021205162605755,-0.2011027375177924,0.13436517819761193,0.3619631975240134,0.1429511374801532,0.09787180503521342,-0.09140099686888126,1.0707958161070696,1.0278369455596865
4,8,0.25,0.5,1.0,0.5,,0.2,60,True,1,0.02,20,0.25,0.001,0.10015061042238788,0.05219681660452169,-0.2011027375177924,602,1188,0.6238886036241179,0.25955298892887335,-0.14082590325018618,0.06039556247814956,304,0.756578947368421,14474,0.03306611940990786,0.027021205162605755,-0.2011027375177924,0.13436517819761193,0.3619631975240134,0.1429511374801532,0.09787180503521342,-0.09140099686888126,1.0707958161070696,1.0278369455596865
4,8,0.25,0.5,1.0,0.5,,0.1,60,True,1,0.02,20,,0.001,0.10015061042238788,0.05219681660452169,-0.2011027375177924,602,1188,0.6238886036241179,0.25955298892887335,-0.14082590325018618,0.06039556247814956,304,0.756578947368421,14474,0.03306611940990786,0.027021205162605755,-0.2011027375177924,0.13436517819761193,0.3619631975240134,0.1429511374801532,0.09787180503521342,-0.09140099686888126,1.0707958161070696,1.0278369455596865
4,8,0.25,0.5,1.0,0.5,,0.1,60,True,1,0.02,20,0.15,0.001,0.09057677716854574,0.04915217279190087,-0.21262487962274768,660,1246,0.5921260872224046,0.2311684920368196,-0.15473698999235863,0.05885093257654347,304,0.75,14147,0.027180929260439524,0.022916660316002258,-0.21262487962274768,0.10777976856077438,0.3154051724238777,0.1410502671693314,0.09693000164306431,-0.09140099686888115,1.0604917338277478,1.0159301061020605
4,8,0.25,0.5,1.0,0.5,,0.2,60,True,1,0.02,20,0.15,0.001,0.09057677716854574,0.04915217279190087,-0.21262487962274768,660,1246,0.5921260872224046,0.2311684920368196,-0.15473698999235863,0.05885093257654347,304,0.75,14147,0.027180929260439524,0.022916660316002258,-0.21262487962274768,0.10777976856077438,0.3154051724238777,0.1410502671693314,0.09693000164306431,-0.09140099686888115,1.0604917338277478,1.0159301061020605
4,8,0.25,0.5,1.0,0.5,,0.1,40,True,1,0.02,20,,0.001,0.08895513673721835,0.04861557786164017,-0.2120874381255864,658,1244,0.5871007404816645,0.2292242213461635,-0.14618970317414592,0.060397591267830925,404,0.8044554455445545,14322,0.02988160638120189,0.02483006149968081,-0.2120874381255864,0.11707464486877261,0.3374433335519834,0.1305084610798471,0.09159292932786567,-0.09153729782923214,1.0006077467868595,0.9708432591612012
4,8,0.25,0.5,1.0,0.5,,0.1,40,True,1,0.02,20,0.25,0.001,0.08895513673721835,0.04861557786164017,-0.2120874381255864,658,1244,0.5871007404816645,0.2292242213461635,-0.14618970317414592,0.060397591267830925,404,0.8044554455445545,14322,0.02988160638120189,0.02483006149968081,-0.2120874381255864,0.11707464486877261,0.3374433335519834,0.1305084610798471,0.09159292932786567,-0.09153729782923214,1.0006077467868595,0.9708432591612012
4,8,0.25,0.5,1.0,0.5,,0.2,40,True,1,0.02,20,,0.001,0.08895513673721835,0.04861557786164017,-0.2120874381255864,658,1244,0.5871007404816645,0.2292242213461635,-0.14618970317414592,0.060397591267830925,404,0.8044554455445545,14322,0.02988160638120189,0.02483006149968081,-0.2120874381255864,0.11707464486877261,0.3374433335519834,0.1305084610798471,0.09159292932786567,-0.09153729782923214,1.0006077467868595,0.9708432591612012
4,8,0.25,0.5,1.0,0.5,,0.2,40,True,1,0.02,20,0.25,0.001,0.08895513673721835,0.04861557786164017,-0.2120874381255864,658,1244,0.5871007404816645,0.2292242213461635,-0.14618970317414592,0.060397591267830925,404,0.8044554455445545,14322,0.02988160638120189,0.02483006149968081,-0.2120874381255864,0.11707464486877261,0.3374433335519834,0.1305084610798471,0.09159292932786567,-0.09153729782923214,1.0006077467868595,0.9708432591612012
4,8,0.25,0.5,1.0,0.5,,0.2,40,True,1,0.02,20,0.15,0.001,0.08097389741027124,0.04587764702604624,-0.23622039733207545,1857,2443,0.5563047371012405,0.19421543416317288,-0.1738152555441289,0.058868062274445986,403,0.7965260545905707,14052,0.025033046803653643,0.021356689470124923,-0.23622039733207545,0.09041001417037656,0.2967044512844272,0.12799105960426374,0.09028876146818687,-0.09410891548762201,0.9594070976204417,0.9532229108557349
4,8,0.25,0.5,1.0,0.5,,0.1,40,True,1,0.02,20,0.15,0.001,0.08097389741027124,0.04587764702604624,-0.23622039733207545,1857,2443,0.5563047371012405,0.19421543416317288,-0.1738152555441289,0.058868062274445986,403,0.7965260545905707,14052,0.025033046803653643,0.021356689470124923,-0.23622039733207545,0.09041001417037656,0.2967044512844272,0.12799105960426374,0.09028876146818687,-0.09410891548762201,0.9594070976204417,0.9532229108557349
