regime.mode,regime.fast_window,regime.slope_days,regime.eval_freq,regime.band_atr_mult,simple_annual,cagr,mdd,mdd_recover_days,max_underwater_days,sharpe,calmar,worst_year,worst_month,ulcer_index,pct_days_dd_gt20,avg_exposure,n_baskets_closed,basket_win_rate,n_trades,pnl_yr_cap,mdd_cap,test_pnl_yr_cap,test_mdd_cap,train_simple_annual,train_cagr,train_mdd,train_calmar,train_sharpe,test_simple_annual,test_cagr,test_mdd,test_calmar,test_sharpe
ma,50,0,daily,0.0,1.994594809495844,0.17400547033349256,-0.2779604822604499,401,896,0.9348220404109282,0.6260079451526094,-0.1040841469810948,-0.2191330712297508,0.09539883493444574,0.01519359581767685,0.1553224546945987,334,0.7425149700598802,16718,1.9946866241775507,-3.764824833822446,4.830984431980889,-3.764824833822446,0.39424674976577223,0.13436501240514542,-0.2779604822604499,0.48339609757636326,0.7885800679055448,0.6485535575307441,0.2429845835907376,-0.2307586715306642,1.052981376513293,1.147413785745701
ma,50,0,daily,1.0,2.684596972679975,0.18817724360706567,-0.28921912057232735,440,729,0.9615972367561695,0.6506390145806652,-0.15532525190700386,-0.19451924761546124,0.10074764279362074,0.10227087077274954,0.16593633157057872,317,0.7886435331230284,17684,2.6847205493660193,-5.011137123103663,6.778552734841299,-5.011137123103663,0.3834781611655797,0.1326380828383087,-0.28921912057232735,0.45860758644115585,0.7545330299284138,0.9320267883912521,0.2888819213845131,-0.17555774597095186,1.6455094008344813,1.2688711751401254
ma,50,0,daily,2.0,1.4759517458332336,0.1598987282291351,-0.3639240106861642,377,930,0.815868310108017,0.4393739449278228,-0.17980260804900627,-0.21536410367898007,0.12522821785464017,0.1601045580787453,0.1721705456482175,319,0.786833855799373,18085,1.476019686469153,-2.819498542899671,3.7426757089271723,-2.819498542899671,0.2007732998995822,0.09519412420838669,-0.3639240106861642,0.261576926537224,0.5526719096705215,0.8683576589128,0.2796290783704718,-0.19885497890061998,1.406196012372512,1.229035107546635
ma,50,0,weekly,0.0,2.248973403754436,0.17980143671898752,-0.2648882063610727,612,681,0.9015441645650601,0.678782340629759,-0.11234647844509738,-0.17083917677661953,0.0896481406392954,0.03236351748937561,0.16666458984558433,325,0.7723076923076924,17602,2.24907692792699,-4.277578910248354,5.509989368316016,-4.277578910248354,0.41146382705710194,0.13713614314119882,-0.2648882063610727,0.5177132837475847,0.7600963559769931,0.7168269250733224,0.25527054225324886,-0.24438330911544115,1.0445498228877195,1.1067439027117085
ma,50,0,weekly,1.0,2.5280969493135266,0.18539630730471246,-0.2747101899142589,299,826,0.9181389345999555,0.6748796153596537,-0.1226844899431564,-0.19054484619948064,0.09678560261435232,0.06145799280810722,0.16865214693225883,318,0.7955974842767296,17784,2.528213322030241,-4.7717665419884865,6.3101143869596905,-4.7717665419884865,0.3979884209664451,0.1350415395565674,-0.2747101899142589,0.4915781959115381,0.7472177589033703,0.8409114462023287,0.2754758307330383,-0.2516274459509874,1.0947765641856735,1.1654386958351717
ma,50,0,weekly,2.0,1.7434562756838017,0.1677587824152149,-0.3886156454234396,368,789,0.8349380230247989,0.4316830379600986,-0.15125371065600257,-0.17567513602653806,0.10528371034241646,0.09235044132069303,0.17258282771604053,318,0.7924528301886793,17956,1.7435365300203012,-3.356174071646519,4.284260516311812,-3.356174071646519,0.3098198927233543,0.11973272763596543,-0.3886156454234396,0.3081006363125278,0.6543412318050086,0.7055456553489594,0.25330354601589233,-0.2516274459509876,1.0066610383401149,1.111342158661018
ma,50,0,monthly,0.0,1.5462951620242287,0.16223502364413944,-0.44829648396844635,481,1104,0.7657848342699625,0.36189225087823457,-0.2230471764531572,-0.24246089643058755,0.13774903154239848,0.16584887144259078,0.18192939577167944,305,0.8032786885245902,18483,1.5463663406904173,-3.0242980402668427,3.777868739780834,-3.0242980402668427,0.2859548810689077,0.1150726274760745,-0.44829648396844635,0.25668866830589276,0.6092131479760792,0.6669969565119636,0.24639648033352324,-0.2975313325878688,0.828136244308844,0.9953019904013715
ma,50,0,monthly,1.0,2.002232908906425,0.1743772251754503,-0.44829648396844546,481,716,0.8273635840532428,0.3889774544556194,-0.22304717645315808,-0.24246089643058732,0.11672154273082924,0.12446843310435067,0.1769670076343949,300,0.8266666666666667,18213,2.002325075183184,-3.8929134279349076,4.939576715781087,-3.8929134279349076,0.3452529151139333,0.1263307558000184,-0.44829648396844546,0.28180179929519705,0.6751324673470678,0.7458053228974159,0.26021699123885056,-0.29753133258786946,0.8745868509898905,1.0456226867020484
ma,50,0,monthly,2.0,1.750912524370121,0.16804995773221854,-0.3541747614589835,356,904,0.7898881968483726,0.4744831535707272,-0.22014306277567675,-0.2424608964771039,0.12360133445088485,0.16552175335296043,0.18078228084640682,300,0.8,18350,1.7509931219307664,-3.414118340808018,4.344337429978716,-3.414118340808018,0.2890663309918295,0.11570623434885596,-0.3541747614589835,0.3266924889628414,0.6141933161185215,0.761957159415581,0.2629103757467053,-0.29421156090736045,0.8936099415532108,1.0491491567283169
ma,50,20,daily,0.0,1.3803835019316995,0.1568003423726645,-0.30096618179878953,470,1007,0.8686742284654223,0.520989904697974,-0.13164309147513753,-0.2202796144221837,0.09946842322338607,0.04558078745303055,0.14610627324278952,298,0.7885906040268457,16001,1.3804470433944869,-2.721799109580652,3.2885872206999753,-2.721799109580652,0.30195377825246456,0.11813756610701143,-0.30096618179878953,0.39252770992719743,0.7314304060791086,0.5536449696513572,0.2241800076923366,-0.27690996572301896,0.8095772469112728,1.0610307349734613
ma,50,20,daily,1.0,1.9462535899822526,0.1728461598045017,-0.29325149639438386,419,930,0.913132051459113,0.5894127120567079,-0.22496373178304985,-0.20655633133394358,0.09396547779929074,0.05995752328050972,0.15168577608985803,290,0.803448275862069,16476,1.94634317943322,-3.8052977015517464,4.849889741530223,-3.8052977015517464,0.31233335022634606,0.12014283762735212,-0.29325149639438386,0.40969215538384207,0.7298679390019523,0.7939941877072938,0.2681252013821893,-0.1951854453465045,1.3736946466792026,1.1690425210845845
ma,50,20,daily,2.0,1.2556592275427476,0.15244154421344414,-0.3706066951505439,510,1021,0.8150673474255558,0.4113297093877944,-0.2626054698332717,-0.23695319837305207,0.1152990382840488,0.09818657082176115,0.15461851901116622,293,0.7918088737201365,16761,1.2557170277294125,-2.4829835606786004,3.1363002264953517,-2.4829835606786004,0.19659039412951307,0.094077488098393,-0.3706066951505439,0.2538472438016206,0.5880853026267017,0.7410900176282742,0.2594222571213667,-0.21698807144358656,1.1955599927474,1.1341562079506067
ma,50,20,weekly,0.0,1.4615911728094944,0.15952988568971316,-0.27222769531031166,421,923,0.8387403653622422,0.586016369524289,-0.22019472730870582,-0.21138025988843545,0.09093808116370843,0.05165086629617522,0.1533877860390091,295,0.7864406779661017,16320,1.4616584524031635,-2.8744371411501057,3.5275690003871634,-2.8744371411501057,0.29303918521999356,0.11643999362063973,-0.27222769531031166,0.42773015246633916,0.6876610564089186,0.6071453714095005,0.23505036258921463,-0.22932064384843265,1.0249856212010682,1.0509390572690376
ma,50,20,weekly,1.0,1.668847564237678,0.16570908924285788,-0.3050509606204629,606,958,0.8545065080786869,0.5432177263294351,-0.2014994957791788,-0.20454764733938802,0.09437843544766143,0.04985289310232102,0.1570074008631166,283,0.7879858657243817,16644,1.6689243842049208,-3.1585277072330284,4.103900339258999,-3.1585277072330284,0.29437515080544396,0.11670738690070648,-0.3050509606204629,0.3825832466264908,0.6808307886434625,0.70401664158819,0.25303510800675055,-0.2331130847023507,1.0854607682354562,1.100820291333235
ma,50,20,weekly,2.0,1.3952094615931063,0.15737687357235552,-0.3352103861935981,524,1007,0.8175359701391149,0.46948686572457143,-0.21927963374130477,-0.2114931887214263,0.10363140582750432,0.05442955214122262,0.16049652932040986,287,0.794425087108014,16884,1.3952736855207037,-2.747461326615801,3.4281931022943724,-2.747461326615801,0.24717264313766155,0.10664059310451268,-0.3352103861935981,0.3181303369368849,0.6208579508589823,0.6772686339435956,0.24826589565028678,-0.2331130847023507,1.0650019751884965,1.1087033952674528
ma,50,20,monthly,0.0,1.5446114267470556,0.16218425380029133,-0.33956175040448033,538,970,0.7912472929777817,0.47762815925851526,-0.27094863114594536,-0.20319803112450252,0.1175498402711522,0.14327772325809618,0.16598194952220938,288,0.8263888888888888,17288,1.5446825279079694,-3.021090325221284,3.7766640363957795,-3.021090325221284,0.2824882620265069,0.11436046003326927,-0.33956175040448033,0.3367884041622621,0.6356538640332887,0.670383895228688,0.24701528341720658,-0.2944049318855583,0.8390324232517508,1.0092862449301978
ma,50,20,monthly,1.0,1.9890272730072958,0.17406383665784597,-0.33956175040448056,538,721,0.8546180432507118,0.5126132034909818,-0.27094863114594525,-0.20319803112450252,0.10073435983799157,0.08832188420019627,0.16296003414344218,286,0.8426573426573427,17197,1.989118831405577,-3.8677551280916296,4.902125782666851,-3.8677551280916296,0.34371684678439113,0.12605895443845383,-0.33956175040448056,0.3712401478914937,0.7107956054412022,0.7395538872019788,0.25916251527912104,-0.2944049318855585,0.8802927098376975,1.0526471292759587
ma,50,20,monthly,2.0,1.546817168473755,0.16225075327375027,-0.3395617504044809,538,970,0.7864976819964743,0.4778239983757876,-0.27094863114594614,-0.20319803112450252,0.11779708082912041,0.13689892051030422,0.16826975092317661,286,0.8181818181818182,17403,1.5468883711688117,-3.025292524355138,3.831254271296701,-3.025292524355138,0.25652701531337385,0.10880485119479055,-0.3395617504044809,0.32042728919021013,0.6072552380238938,0.7351202019256515,0.2584105052871546,-0.29440493188555783,0.8777383708626352,1.039173172704203
ma,50,60,daily,0.0,0.9040558382254301,0.13755509155012136,-0.34478940109163037,386,1016,0.7738434688396394,0.39895394439217424,-0.10030977458342005,-0.2367931719249613,0.11066505491311436,0.047377879431465444,0.1435984150050717,284,0.7676056338028169,15511,0.9040974534941739,-1.7784533978256059,2.112243324669723,-1.7784533978256059,0.21848897937059375,0.0997474256560702,-0.28006322344696966,0.3561603856029226,0.6266760661412143,0.4594631765290552,0.20301898707036115,-0.34478940109163037,0.5888202665963254,0.9811495616089165
ma,50,60,daily,1.0,1.4759020261875262,0.15989716549587718,-0.2615879697469211,133,909,0.8520452899810677,0.6112558067963643,-0.1939076324109934,-0.25190478360480484,0.09906880401732274,0.07253716712955399,0.14937220058663336,273,0.8021978021978022,16106,1.4759699645347635,-2.538638409472383,3.650094332913236,-2.538638409472383,0.2503252254651046,0.10729669175616041,-0.26134982963597786,0.4105481603168023,0.6576901895833765,0.7135844930991309,0.25470762425997395,-0.2615879697469211,0.9736977755758275,1.1240814104454668
ma,50,60,daily,2.0,0.9904310173473833,0.1416518468842225,-0.3464120575475267,504,1015,0.7649267709835614,0.40891142152229587,-0.22393885865836438,-0.2573410037559334,0.12086778182239574,0.1514458421826499,0.15193727223445044,279,0.7813620071684588,16424,0.9904766086164358,-1.8899105577048776,2.4657389843232282,-1.8899105577048776,0.15830721564662023,0.08299830196685987,-0.3464120575475267,0.2395941485249045,0.5285479388288228,0.6811790312492738,0.2489719407403148,-0.2685127603211017,0.9272257320008965,1.0980791653815392
ma,50,60,weekly,0.0,0.8787305356582176,0.1363536449940712,-0.31689831129265844,429,864,0.7400742960247345,0.43027570717518715,-0.17069085151574193,-0.2511102429154517,0.10348476375581159,0.07012095456031382,0.1498161829779153,279,0.7777777777777778,15819,0.8787709851590654,-1.8007516329424922,2.0446394214750865,-1.8007516329424922,0.21681425595473264,0.099380980198299,-0.25754161230489747,0.3858831949869297,0.6074903145082723,0.448834151928701,0.2004411871907128,-0.31689831129265844,0.63250948347782,0.92424608709248
ma,50,60,weekly,1.0,1.1269607041774123,0.14757630335968508,-0.2892183164018276,154,934,0.7739780349985154,0.5102591882688676,-0.16210912209378225,-0.26104862302252363,0.1016331288981835,0.06292906178489703,0.15339556353809655,272,0.7977941176470589,16156,1.1270125801463349,-2.154034639508489,2.7399378787739237,-2.154034639508489,0.2155888691812226,0.0990727774794451,-0.281170282096342,0.35235863740926276,0.5985539372487656,0.6042268724554003,0.23447607258703473,-0.2892183164018276,0.8107234545313641,1.0192570356969364
ma,50,60,weekly,2.0,0.9956684965798387,0.1419614702218719,-0.2892183164018286,154,951,0.753521809858331,0.49084536549419705,-0.16210912209378225,-0.2610486230225241,0.10366991604491613,0.05557371690094802,0.15516674076432582,278,0.7805755395683454,16389,0.9957143289392052,-1.8605581570710055,2.414497646976108,-1.8605581570710055,0.19353596427969122,0.09329868652956463,-0.2838484685221573,0.32869187921047993,0.5659619344642144,0.5780276672652006,0.22922620477415578,-0.2892183164018286,0.7925715342858087,1.0228157778216609
ma,50,60,monthly,0.0,1.1869151913706324,0.1500193043190039,-0.28412539501028256,453,958,0.7664263943774113,0.5280038565844305,-0.22361003844103755,-0.19102473981190915,0.10827020686727787,0.08112528622832843,0.15479579169933463,273,0.8131868131868132,16505,1.186969827149283,-2.1862266108558512,2.883478038330206,-2.1862266108558512,0.22777985823442762,0.10213911505277373,-0.28412539501028256,0.35948604681773444,0.5949572732851767,0.6105782454627205,0.23572324488466645,-0.2628658302002689,0.8967435771514184,1.0106966156387285
ma,50,60,monthly,1.0,1.437314627716878,0.15883738906890654,-0.2833723202294286,453,934,0.8132151734431708,0.5605254209031637,-0.2236100384410381,-0.19102473981190948,0.09681116107244989,0.06460582270199541,0.15237477511105232,272,0.8272058823529411,16408,1.437380789818789,-2.5538470582425687,3.516842139349765,-2.5538470582425687,0.2628490142606215,0.11019548354711617,-0.2833723202294286,0.3888717269841242,0.6490352722559505,0.6648441570962168,0.24600192329325488,-0.2628658302002693,0.9358459526893763,1.0417219487816973
ma,50,60,monthly,2.0,1.1076295192516223,0.14686423928333392,-0.302015937537931,475,1139,0.7437530400870385,0.48627976550041785,-0.22285884301911207,-0.19102473981190948,0.11423004134354686,0.11743539417729801,0.1574471189072893,271,0.7933579335793358,16669,1.10768050537235,-2.0334251280499833,2.7239257496592972,-2.0334251280499833,0.19460105442715334,0.09363553348274833,-0.302015937537931,0.3100350737980124,0.5505309952395704,0.6507349016622772,0.2433918976518703,-0.26286583020026855,0.925916835468643,1.0182292617936304
dual_ma,50,0,daily,0.0,1.9657247068003922,0.17331633082413322,-0.3979597302394553,524,874,0.8032679848227839,0.43551223315948956,-0.1332365764531338,-0.2624128017982371,0.11596916580850594,0.11370691063551708,0.17939406331351376,296,0.8277027027027027,18356,1.965815192540864,-3.8339018275318946,4.834389738593991,-3.8339018275318946,0.35537649160289286,0.1279413764431152,-0.34052696650940995,0.3757158434604613,0.6603231441187867,0.7197372167088317,0.25577414546621813,-0.3979597302394553,0.6427136366594604,1.016652732582608
dual_ma,50,0,daily,1.0,2.7382135514026067,0.18912909957538226,-0.3209415911861112,450,792,0.8494739339019106,0.5892944534748941,-0.0977224481475909,-0.2531059454069988,0.0929415507978502,0.056363339323639926,0.18459626692096104,289,0.8304498269896193,18488,2.7383395961533856,-5.133364011676013,6.902263291846346,-5.133364011676013,0.4010409344017774,0.13543514312962568,-0.3209415911861112,0.4219931191501074,0.6748367225318174,0.9203220664316887,0.2872189849517457,-0.2768287640466881,1.0375330249399417,1.1165372634913429
dual_ma,50,0,daily,2.0,1.3940172432647557,0.15725435987214342,-0.45156849379581043,808,1464,0.7129836635975811,0.3482403268445262,-0.29737255802418616,-0.25413765947208755,0.15748979537543364,0.20878941349452704,0.19152771087157552,292,0.8356164383561644,18787,1.3940814123124616,-2.4370100397980448,3.6085290325865715,-2.4370100397980448,0.15167986812104672,0.08090077638889537,-0.45156849379581043,0.17915505067427703,0.44550900448515235,1.0354027611358403,0.3028944174417587,-0.3528608208282388,0.8583962842086056,1.1342411780006032
dual_ma,50,0,weekly,0.0,2.176725977853105,0.17824669908173973,-0.3620585995103479,480,987,0.8167737895365869,0.49231450191433807,-0.0891956686747416,-0.2539612951910313,0.11163515792036406,0.08891794704151683,0.18210448632197965,294,0.826530612244898,18369,2.176826176350498,-3.7621192776914967,5.4663744705605275,-3.7621192776914967,0.32955717682900787,0.12343307320031105,-0.3620585995103479,0.3409201531664855,0.6309334543447012,0.8662877128597793,0.27931944935251085,-0.35348612751934294,0.7901850386963951,1.1046024560873775
dual_ma,50,0,weekly,1.0,2.0174904689498425,0.1746410752953309,-0.3873907165209395,423,1101,0.7850803542093517,0.45081378527533994,-0.10285246079321697,-0.25288792434174767,0.11687020350399671,0.09169663288656424,0.18754484938876995,289,0.8339100346020761,18496,2.017583337558731,-3.4920110028822906,5.055881663668452,-3.4920110028822906,0.3102951598933948,0.11982395692238379,-0.3873907165209395,0.3093103469244003,0.6010060663581714,0.8406791466637767,0.27544023016714236,-0.3455192085210822,0.7971777642872672,1.0739544381752244
dual_ma,50,0,weekly,2.0,1.1141607968279599,0.14705627429122292,-0.5150749730878552,739,1537,0.6654824223206728,0.28550460025193236,-0.27219588064643097,-0.2664091787583418,0.1899976540063984,0.2938868911408957,0.19527274753038282,292,0.8458904109589042,18926,1.114212083594798,-2.052331972851064,2.8913700152659887,-2.052331972851064,0.11645634007115713,0.06865410239795877,-0.5150749730878552,0.13328953256334702,0.39088197803982994,0.9954425951905561,0.29761538454240744,-0.32177309851791436,0.924923139669608,1.1211429444051322
dual_ma,50,0,monthly,0.0,1.905827918249372,0.17204326084626764,-0.4645834910918294,623,901,0.7725593313614362,0.37031720701470566,-0.19209530037216893,-0.255852601892275,0.12700149125086901,0.14932940791625776,0.18559657835383475,291,0.8316151202749141,18379,1.9059156468360852,-3.2679333671467985,4.766354603510418,-3.2679333671467985,0.29234834977030383,0.11636894099179029,-0.4645834910918294,0.25048014667570023,0.5903908336987067,0.8232494189408107,0.2727469690345108,-0.33620674496741587,0.8112477608411591,1.0454366056206659
dual_ma,50,0,monthly,1.0,1.413788013961141,0.15807245903671374,-0.4701334456424946,2607,2678,0.6959736246480842,0.3362289164955888,-0.19209530037216715,-0.2558526018922751,0.1526190379543582,0.22309453712790317,0.19451157253150572,287,0.818815331010453,18522,1.4138530930919424,-2.7325903286800486,3.5762429203918176,-2.7325903286800486,0.19456109194027357,0.09362468928638612,-0.4701334456424946,0.1991449239660807,0.48584599257185307,0.8513162749246207,0.2770625986028443,-0.34476822594960754,0.8036198748876027,1.0148277896029672
dual_ma,50,0,monthly,2.0,1.5902492741721619,0.16354242984125622,-0.4765931855776221,1425,1498,0.6966171690134335,0.3431489051675085,-0.1920953003721685,-0.25585260189227477,0.1580999506907808,0.25564278704612364,0.19874921082260102,290,0.8241379310344827,18942,1.5903224761228778,-2.715542148934696,4.065128491138399,-2.715542148934696,0.19636026397448228,0.09411136554429778,-0.4765931855776221,0.19746687194076548,0.4720779089099484,0.9610127636102775,0.2929302928213138,-0.3447682259496082,0.8496441109515959,1.0628325656869577
dual_ma,50,20,daily,0.0,1.7681700822969055,0.16832854640785677,-0.3620758274012803,466,1654,0.7984231656492329,0.46489860319038123,-0.1319748973320286,-0.20981752124800512,0.13208238850749932,0.21238359745139684,0.16860010583397358,281,0.8505338078291815,17247,1.7682514742530748,-3.4564888009619947,4.376110434503216,-3.4564888009619947,0.29963691374712487,0.11768270261132852,-0.3620758274012803,0.32502225695642334,0.6303127951518057,0.7414387745780796,0.2594811703960749,-0.31510820243460624,0.8234668865845359,1.042847896253395
dual_ma,50,20,daily,1.0,1.8297549984099224,0.16993725317436703,-0.3856854906936853,524,932,0.7883239331588174,0.4406109570487645,-0.12486514993413478,-0.24033448250669354,0.11952953247387643,0.1718673419375919,0.1746649959300926,277,0.8303249097472925,17509,1.8298392252273092,-3.149682723512007,4.496051729238688,-3.149682723512007,0.3275691517713569,0.1229944987047007,-0.34015008813860925,0.3615889073489851,0.6429702452867319,0.7073960092021362,0.25362780777686345,-0.3856854906936853,0.6576026682276643,0.9967973151884336
dual_ma,50,20,daily,2.0,1.4892826541039716,0.16031596891617417,-0.45479876537149666,748,932,0.7419084997165845,0.3524986898001407,-0.2559751050787503,-0.2495212225861827,0.14725134627888314,0.19212546969449437,0.180155912077968,281,0.8327402135231317,18054,1.4893512083848752,-2.5777935838463204,3.7514339318866248,-2.5777935838463204,0.21679396490228597,0.09932350849354776,-0.45479876537149666,0.21839001346544246,0.5384720068135107,0.8230283100186727,0.27271251943929276,-0.3915995410485359,0.6964066370177181,1.0360075135491404
dual_ma,50,20,weekly,0.0,1.8912789822023512,0.17158788614558218,-0.3329118684516147,400,1530,0.8023033857182476,0.515415346841324,-0.12903622451948282,-0.20541314209555883,0.12317860244788138,0.17423994769532528,0.17199925201291197,277,0.8447653429602888,17415,1.891366041076135,-3.252765593387461,4.727411901422,-3.252765593387461,0.29297234238155323,0.11642659046518644,-0.3329118684516147,0.3497219579665056,0.6146420572891608,0.8141645454530818,0.2713255558803376,-0.29085284652858046,0.9328619579237157,1.080344966110009
dual_ma,50,20,weekly,1.0,1.557611291982581,0.16248806327018261,-0.3973710531293728,493,1807,0.7590690415591985,0.40890764938854535,-0.08752424994297614,-0.2054131420955586,0.12886250568660046,0.18339326577312848,0.1777795781982881,277,0.8375451263537906,17729,1.55768299154999,-2.691114719349048,3.9114395022372657,-2.691114719349048,0.2311463836894265,0.10289521506965715,-0.3973710531293728,0.258939885679487,0.5521076315553788,0.814676429304196,0.2714059712883099,-0.29085284652858023,0.9331384393435551,1.0680665287855857
dual_ma,50,20,weekly,2.0,1.018856773321288,0.14300099485648943,-0.5034386140105085,757,1435,0.6691413396448271,0.2840485232495585,-0.27216003097134445,-0.2664236650483024,0.1745599622237889,0.2507355344883949,0.18374015852689007,277,0.8339350180505415,18156,1.0189036730775205,-1.831486491944748,2.6076003548855833,-1.831486491944748,0.12399951675724483,0.0714627305997213,-0.5034386140105085,0.14194924388185612,0.4121221330143875,0.8524080511762898,0.2772282197602256,-0.36871944625664144,0.751867639677635,1.067022063158322
dual_ma,50,20,monthly,0.0,1.470107920297454,0.15988436278013962,-0.4566437768393705,575,1723,0.7331588801358522,0.35012929309311647,-0.1331897780155865,-0.2129133379656324,0.133682001607545,0.1905462872096827,0.1766937764806197,273,0.8388278388278388,17491,1.4701755919318804,-2.8383664698161186,3.664368349927723,-2.8383664698161186,0.23128535425733035,0.10298403398974432,-0.4566437768393705,0.22552378727799915,0.5439331132585241,0.763157985614377,0.26310885984848276,-0.2944049318855574,0.8936971883024019,1.0110282335378282
dual_ma,50,20,monthly,1.0,1.393916754398664,0.15741708087426765,-0.4566437768393705,575,1807,0.713599155850731,0.3447262151776588,-0.13318977801558518,-0.21291333796563228,0.1355002772649662,0.19299967288191036,0.18134585784546148,273,0.8278388278388278,17737,1.393980918820692,-2.6952695074506847,3.4967320577056675,-2.6952695074506847,0.2072204626289114,0.09698393663178351,-0.4566437768393705,0.2123842293506141,0.5139865814604565,0.7928101769899015,0.2679353915804785,-0.2944049318855576,0.9100913828598209,1.006689250209815
dual_ma,50,20,monthly,2.0,1.6811498441281523,0.16614236155977835,-0.46727323309849345,597,1753,0.7235966916142441,0.3555571982116046,-0.13319036439737153,-0.21291333796563217,0.138600917721987,0.22620215897939155,0.18668770797744888,277,0.8303249097472925,18245,1.6812272303908187,-2.8668491793564845,4.278969071182774,-2.8668491793564845,0.21740427718201213,0.09958150744572403,-0.46727323309849345,0.21311194477243658,0.5022850904254648,0.9350830097819489,0.28931342048276476,-0.29440493188555816,0.9827057537039747,1.0781587441192715
dual_ma,50,60,daily,0.0,1.5106063421780362,0.1609761821611584,-0.38972893723018254,256,1660,0.7711569407568026,0.4130465222962961,-0.10535052885114804,-0.2595076275400502,0.13114305795946138,0.176768501878778,0.1672824714258013,269,0.8587360594795539,17065,1.5106758780255334,-2.596714277528534,3.736117068014515,-2.596714277528534,0.2561686259242415,0.1086040905293284,-0.3412395138954033,0.3182635249053183,0.591892516120014,0.7170744446982353,0.25531343423374,-0.38972893723018254,0.6551051508986263,1.0316197807620282
dual_ma,50,60,daily,1.0,1.8596320186015804,0.17069948494121667,-0.3215360549352285,1415,1450,0.7851490171286875,0.5308875391147131,-0.09648733446160562,-0.2573410037559333,0.10484796239466217,0.08871099493546807,0.1751148359327241,266,0.8345864661654135,17395,1.859717620710373,-3.207594234309569,4.656397210024033,-3.207594234309569,0.28534621670679383,0.11481560550389003,-0.3215360549352285,0.3570846993411639,0.6057147969382761,0.8189047089236189,0.2720687261147927,-0.3016547808547797,0.9019208160528704,1.0430707493286582
dual_ma,50,60,daily,2.0,0.9295308024335239,0.13879949383282408,-0.4435949410989286,748,2807,0.6516828893199045,0.3128969268427018,-0.23966091897123554,-0.25734100375593427,0.17822909178883026,0.2930893644829276,0.18195827394864092,270,0.837037037037037,17716,0.9295735903593504,-1.6208506778876763,2.382718153892285,-1.6208506778876763,0.11175626975366344,0.06682111126859835,-0.4435949410989286,0.1506354222684794,0.3974152757795335,0.8327302428683826,0.2742173975677178,-0.357997887910501,0.7659749032828701,1.0225912743791248
dual_ma,50,60,weekly,0.0,1.5019885091651608,0.16079591695301398,-0.3479792540439641,223,1667,0.7640451133031634,0.4620847797228131,-0.10128214356917198,-0.2610509381045938,0.12161210500035244,0.17636482510624388,0.1689749614038915,269,0.8475836431226765,17113,1.5020576483187575,-2.7975151144026733,3.7157824813419698,-2.7975151144026733,0.2537360496679763,0.10812261702908743,-0.32143042235278396,0.3363795381832841,0.5852185288255162,0.7210913576255967,0.2560079392285459,-0.3479792540439641,0.7356988563352733,1.0249678312870527
dual_ma,50,60,weekly,1.0,1.2788879467985093,0.15336305885787738,-0.3741586361265665,463,1535,0.7211122324162118,0.40988779637843054,-0.10316277354766201,-0.2610509381045938,0.1307306960543424,0.16900948022229487,0.1755254616807582,266,0.8383458646616542,17418,1.2789468162436797,-2.3857420834173775,3.185163680036016,-2.3857420834173775,0.2042325154251095,0.09615479975843666,-0.3741586361265665,0.25698939025935086,0.5243046891009258,0.7321328650852154,0.25790185411610533,-0.3485648932429609,0.7398962406014293,1.0109852113024291
dual_ma,50,60,weekly,2.0,0.6178048240808767,0.120866109075777,-0.5689411025227087,1018,3236,0.5825303703575705,0.2124404591966578,-0.23294265467972908,-0.26158215610056623,0.22710768117540917,0.38296829029094476,0.1828070104769657,269,0.828996282527881,17639,0.6178332627156359,-1.182477500094201,1.6003507873983653,-1.182477500094201,0.06426302414296048,0.04552713687535381,-0.5689411025227087,0.0800208258350198,0.30651306077045437,0.768820061501846,0.2640415166816754,-0.3369643243241185,0.7835889369335721,1.010873663105272
dual_ma,50,60,monthly,0.0,1.404566462466804,0.1577693953896837,-0.40029680709506044,514,1745,0.7436706799068579,0.39413103625434975,-0.0911968772893611,-0.19006100834475204,0.12545123569888444,0.1836768073274452,0.16592483059820737,266,0.8421052631578947,16903,1.4046311171134889,-2.426589934577639,3.5129954669959984,-2.426589934577639,0.2156687230511779,0.09914510149187805,-0.40029680709506044,0.24767897153956958,0.5407592973064436,0.7759000857364496,0.2652003233636784,-0.2972367670904187,0.8922191085566649,1.0423793475740892
dual_ma,50,60,monthly,1.0,1.0664569746389512,0.14514247972422578,-0.47213451922365024,2758,2831,0.6691463222138253,0.3074176401312266,-0.17052931217740974,-0.23645633581019387,0.178202328291338,0.3200850507033039,0.17615695041363533,266,0.8270676691729323,17275,1.0665060655155616,-1.863608457297662,2.6954396712017608,-1.863608457297662,0.14804905638316135,0.07979871848530795,-0.47213451922365024,0.16901691199475138,0.4437446931499058,0.7849815276531898,0.26667482956408706,-0.29723676709041913,0.8971798212398294,1.0082324459414518
dual_ma,50,60,monthly,2.0,1.1554552001920624,0.14879144646671527,-0.5118788039330753,707,2923,0.6636002052358432,0.29067710036723604,-0.16932422991625184,-0.23665969635770912,0.19015942107968314,0.3326790971540726,0.1815214298131315,267,0.8277153558052435,17744,1.1555083878123888,-1.9918129114748258,2.9760889447393164,-1.9918129114748258,0.13061219032920313,0.073871471065041,-0.5118788039330753,0.1443143777344201,0.40665499975819197,0.9442843192650745,0.2906058472935229,-0.2972367670904186,0.9776914549912374,1.087868804488247
