baskets.count,baskets.slices,entry.dip_vol_mult,exit.lot_tp_vol_mult,exit.upday_sell_frac,exit.basket_sl_pct,exit.basket_tp_pct,exit.max_hold_days,regime.enabled,regime.bear_max_baskets,regime.ma_band,regime.cooldown_after_sl_days,regime.breaker_dd,risk.vol_target_annual,risk.dd_scale_start,risk.dd_scale_floor,risk.dd_scale_min_mult,costs.commission_pct,simple_annual,cagr,mdd,mdd_recover_days,max_underwater_days,sharpe,calmar,worst_year,worst_month,ulcer_index,pct_days_dd_gt20,avg_exposure,n_baskets_closed,basket_win_rate,n_trades,train_simple_annual,train_cagr,train_mdd,train_calmar,train_sharpe,test_simple_annual,test_cagr,test_mdd,test_calmar,test_sharpe
4,4,0.25,1.0,0.1,,0.2,60,True,1,0.02,20,,,,0.3,0.25,0.001,3.3644647831999066,0.2001757421973407,-0.4692172818149025,777,1198,0.7681986126377078,0.42661630326801625,-0.3092911248388788,-0.3357164885353995,0.18424239065401718,0.2990792502466294,0.2501594950103036,317,0.750788643533123,17361,0.2552702674773364,0.10840455215897382,-0.4692172818149025,0.23103273549446415,0.5162481112063801,1.6954831104528292,0.37767324933090496,-0.34933856556905296,1.0811095211194228,1.1330763310122773
4,4,0.25,1.0,0.1,,0.2,60,True,1,0.02,20,,,0.1,0.3,0.25,0.001,0.2920006487433076,0.09016160830005293,-0.3887984435728391,6408,6482,0.6049663364367198,0.23189806901364737,-0.32158079224465963,-0.2655877840628966,0.27348955999018604,0.700427490956922,0.07276963018497794,313,0.7603833865814696,15141,0.017520638431299286,0.01560898123257326,-0.3887984435728391,0.04014671738172483,0.18885785234722086,0.61831489751009,0.23978862510645116,-0.2529599922679796,0.947931026391023,1.0705900279703462
4,4,0.25,1.0,0.1,,0.2,60,True,1,0.02,20,,0.3,,0.3,0.25,0.001,0.7812349146585779,0.13166688849897223,-0.330759377288813,399,1014,0.7509863280017192,0.39807454463793823,-0.15466028044743263,-0.15573833461411812,0.12955134528041046,0.15011509371917134,0.18234159682847934,305,0.7508196721311475,14472,0.17181489155074323,0.08709816578217211,-0.330759377288813,0.26332788051574907,0.5528077238730682,0.48562538069443795,0.21127947594780805,-0.25073459793339714,0.8426418918219272,1.0533546291530425
4,4,0.25,1.0,0.1,,0.2,60,True,1,0.02,20,,0.3,0.1,0.3,0.25,0.001,0.19459135352153956,0.07468673621633992,-0.31825786507984866,1811,3589,0.5825263393235911,0.23467365432619094,-0.15159443660344463,-0.1371961648793294,0.18658887825119322,0.40381453469253537,0.10688210802622661,306,0.738562091503268,15551,0.015883437602132608,0.014290822868243458,-0.31825786507984866,0.04490328264050282,0.1763117982041478,0.41196419760185166,0.19295777437154715,-0.14732336102464783,1.309756803194739,1.1468561944285314
4,4,0.25,1.0,0.1,,0.2,60,True,1,0.02,20,,0.45,,0.3,0.25,0.001,1.7273744013125634,0.16808068071019266,-0.42487711345823964,454,1051,0.7634366499030334,0.3955983398167032,-0.20609388883224,-0.2380502189510605,0.16265165385422617,0.2405458730680697,0.2227567708953413,310,0.7516129032258064,16090,0.19850308838344083,0.09459015146495298,-0.42487711345823964,0.2226294344146877,0.5095715002990944,1.0318823378072293,0.3061775936655047,-0.23544281745270879,1.3004329330496724,1.1466503994291906
4,4,0.25,1.0,0.1,,0.2,60,True,1,0.02,20,,0.45,0.1,0.3,0.25,0.001,0.2632749833868326,0.08610536729472096,-0.3171218515590192,1796,6223,0.6291077302627408,0.27152139428870603,-0.2304408423228268,-0.15690452039797376,0.2233152198059124,0.6420585333771786,0.08838885660020503,310,0.7483870967741936,16076,0.00915308725327962,0.008592338036349512,-0.3171218515590192,0.02709475236130299,0.13668768702415315,0.628213279976132,0.24172808923850453,-0.18069677816107388,1.3377553916485831,1.124541096524648
4,4,0.25,1.0,0.1,,0.2,60,True,1,0.02,20,0.25,,,0.3,0.25,0.001,3.3902835236597744,0.20055076872984157,-0.43132442117877456,441,1345,0.8022020983156855,0.46496502141416574,-0.28342802410232204,-0.3372559163203267,0.1749610356257565,0.2808286747780335,0.22822972823231927,319,0.7492163009404389,16521,0.28675186769068667,0.11510243613357862,-0.43132442117877456,0.2668581477928215,0.5649415273625028,1.55131919331517,0.36439104538986467,-0.36611528036079766,0.9952904588706765,1.132943898432499
4,4,0.25,1.0,0.1,,0.2,60,True,1,0.02,20,0.25,,0.1,0.3,0.25,0.001,0.4890630118313585,0.11131001059804779,-0.31628813009038037,1767,6113,0.6752093392899978,0.3519259814342087,-0.24188267013102616,-0.2562934107255337,0.22676283734600275,0.6507727721144361,0.0934823443594372,316,0.740506329113924,16545,0.020803654766445828,0.018179273125302764,-0.31628813009038037,0.05747693762680243,0.21617058300956604,1.0017931533967699,0.30213183534134513,-0.24839531847305218,1.2163346604059395,1.1403851648387486
4,4,0.25,1.0,0.1,,0.2,60,True,1,0.02,20,0.25,0.3,,0.3,0.25,0.001,0.5758354400213482,0.11829736030832905,-0.35706482993851374,441,1287,0.6983624883151401,0.331304991109597,-0.19211714302739313,-0.17631902502742447,0.14300236949570577,0.1954949029924367,0.1742590027820005,300,0.72,13882,0.14902655290318811,0.08004406704114242,-0.35706482993851374,0.22417236403519758,0.5272420383349204,0.38358977703796165,0.18529324369745437,-0.3446560402453164,0.5376178626249171,0.9505544017716112
4,4,0.25,1.0,0.1,,0.2,60,True,1,0.02,20,0.25,0.3,0.1,0.3,0.25,0.001,0.17138501371223983,0.07009386193230482,-0.31610129690156996,2829,6104,0.5838914752616269,0.22174493625735167,-0.15159443660344463,-0.12181830228117896,0.20099429313025824,0.5146333442946399,0.09206034011650015,307,0.7231270358306189,15329,0.00384629504366996,0.003742265134984768,-0.31610129690156996,0.011838816137948537,0.08758205389752514,0.4432992079448716,0.20101099448526072,-0.1296839703967949,1.5500064801395734,1.153461553467056
4,4,0.25,1.0,0.1,,0.2,60,True,1,0.02,20,0.25,0.45,,0.3,0.25,0.001,1.9838155751526398,0.17464152404079414,-0.49059821673327464,510,1110,0.8056599636773865,0.35597667925430343,-0.3016551409737025,-0.2645632993959377,0.16927168485314464,0.24958895100295955,0.20572945572158588,298,0.7483221476510067,15144,0.237768888496477,0.10440862578830656,-0.49059821673327464,0.21281900795222577,0.5680241421278467,1.0271731086767997,0.305550619698167,-0.22215519692492436,1.3753926260902438,1.147731029676331
4,4,0.25,1.0,0.1,,0.2,60,True,1,0.02,20,0.25,0.45,0.1,0.3,0.25,0.001,0.29321128281750164,0.09032510204951061,-0.31430619880091815,2789,6114,0.6419672961141699,0.2873793211654811,-0.23654476491287346,-0.15697848166963135,0.2187296000240252,0.6170667543571193,0.09185998914649045,308,0.7337662337662337,15987,0.009894176567710536,0.009243295081983849,-0.31430619880091815,0.02940856756006445,0.14198155509639462,0.6919247616736761,0.2536932762146433,-0.18737726787389442,1.3539170417693347,1.1463339890209645
4,4,0.25,1.0,0.2,,0.2,60,True,1,0.02,20,,,,0.3,0.25,0.001,1.7558465307717452,0.1688526104329131,-0.40825588642846655,434,1047,0.7651059744021531,0.41359504185005547,-0.23160589803671894,-0.26386387190902794,0.1489129008728673,0.18793160144689247,0.1956390112719063,314,0.7515923566878981,17169,0.19015468392232437,0.09232627361751566,-0.40825588642846655,0.2261480524511502,0.5019044168308383,1.1060084274845114,0.3157588455926146,-0.19621740642673113,1.6092295344374608,1.1637351008877515
4,4,0.25,1.0,0.2,,0.2,60,True,1,0.02,20,,,0.1,0.3,0.25,0.001,0.2739231763037858,0.08765012543321271,-0.3044386520889957,2919,6188,0.6107521800320402,0.28790734958184677,-0.2364807949826555,-0.20404600527909356,0.21190747710437283,0.634166392634002,0.08390810618612293,309,0.7572815533980582,16476,0.01025074964237547,0.009554329265068384,-0.3044386520889957,0.03138343045309304,0.14129829090413057,0.6433544839182903,0.24465124107085834,-0.1829367288677799,1.3373544098281296,1.1110381979113568
4,4,0.25,1.0,0.2,,0.2,60,True,1,0.02,20,,0.3,,0.3,0.25,0.001,0.5520773023495238,0.11648283739463317,-0.28750821348894917,371,1008,0.7316468177999296,0.4051461208050335,-0.1460838931815528,-0.16328646617248088,0.11201882464803055,0.07234462347911871,0.154953010740554,305,0.7540983606557377,14817,0.1195794721123231,0.0698010321936402,-0.28750821348894917,0.24277926305685563,0.49483751831860695,0.4444779401738056,0.20130609650831688,-0.17961203309840212,1.1207829065552053,1.0972537744069384
4,4,0.25,1.0,0.2,,0.2,60,True,1,0.02,20,,0.3,0.1,0.3,0.25,0.001,0.19984117074217891,0.07566549515420773,-0.2815022743209574,1655,3431,0.5738448339798549,0.2687917720619799,-0.16110879976902814,-0.16654674838355898,0.14878929458835247,0.22130878000657678,0.11373679116124712,299,0.7424749163879598,15386,0.026720841180605838,0.022585419796603334,-0.2815022743209574,0.08023174893021418,0.2398429800878653,0.34569225071513765,0.1744342659051199,-0.20594235580270548,0.8470052953663859,1.0093514508358492
4,4,0.25,1.0,0.2,,0.2,60,True,1,0.02,20,,0.45,,0.3,0.25,0.001,1.1413520794925816,0.14879412106881662,-0.37799692442824817,398,998,0.755700055207986,0.3936384437357,-0.18171311600030216,-0.22631146745661668,0.13408093399046042,0.15307464649786254,0.18202859308156594,308,0.7435064935064936,16286,0.1811505718873559,0.08980522868108953,-0.37799692442824817,0.23758190312507813,0.5295859560753122,0.7161506772733667,0.2580253201135132,-0.23191527120486177,1.1125844312580313,1.0909261632313796
4,4,0.25,1.0,0.2,,0.2,60,True,1,0.02,20,,0.45,0.1,0.3,0.25,0.001,0.21053401822417636,0.0775974184129431,-0.3044412147633141,2919,6244,0.6214208761522695,0.25488473521323557,-0.21474258325705353,-0.14773182931994056,0.20878824119043224,0.6211772443275239,0.07927362942826988,304,0.7532894736842105,16174,0.005588213098927456,0.0053722231902118,-0.3044412147633141,0.017646175779414103,0.1044658101042477,0.5311608619865893,0.2216382228347722,-0.15596576737444856,1.4210696780829777,1.1506849924429035
4,4,0.25,1.0,0.2,,0.2,60,True,1,0.02,20,0.25,,,0.3,0.25,0.001,1.9096811047126225,0.17283069472461987,-0.3975461019111449,467,1055,0.793245595764488,0.43474377913344264,-0.2631825621041147,-0.3011557926699481,0.15110891312729557,0.18414995067412035,0.1838064367787015,308,0.7694805194805194,16432,0.2134759156956185,0.09848669927461806,-0.3975461019111449,0.24773654879561796,0.5417628427460895,1.0999339843958191,0.3149932655075529,-0.19632159840636354,1.6044758603460043,1.1585149380111701
4,4,0.25,1.0,0.2,,0.2,60,True,1,0.02,20,0.25,,0.1,0.3,0.25,0.001,0.2757439976733335,0.08790925817681217,-0.3031974059163225,2919,6188,0.6193878652191978,0.28994066723998846,-0.25548126889364364,-0.20423112770594054,0.22070830832256683,0.6621177244327524,0.07839541157433569,306,0.7647058823529411,16210,0.01041676789354339,0.00969866870808489,-0.3031974059163225,0.03198796730721886,0.14454589293863998,0.6458139215958142,0.2451211963851081,-0.18402608245538343,1.33199160203031,1.1104354408630484
4,4,0.25,1.0,0.2,,0.2,60,True,1,0.02,20,0.25,0.3,,0.3,0.25,0.001,0.45518781874277153,0.10828013660084213,-0.32447944478572266,453,1303,0.6932938339465622,0.3337041478000166,-0.1784943182073928,-0.1633118252269189,0.12249990067723822,0.09339033212758961,0.14930212650287497,301,0.7408637873754153,14418,0.09533064409612206,0.06013796727943954,-0.32447944478572266,0.185336754749297,0.44284080828433314,0.428207557854947,0.19718344482829053,-0.18349477237092915,1.0745997952992914,1.0818741586254434
4,4,0.25,1.0,0.2,,0.2,60,True,1,0.02,20,0.25,0.3,0.1,0.3,0.25,0.001,0.18217040043245317,0.07228525224288362,-0.29173303474631074,1662,3438,0.5692535627595665,0.24777876905761612,-0.16110879976902814,-0.1666996208497371,0.15762896101156737,0.26438671489641563,0.10693672003877978,301,0.7475083056478405,15301,0.020038319451474308,0.017588511945820118,-0.29173303474631074,0.060289750734314265,0.20346839175555118,0.35498131933705396,0.17716664952583439,-0.12988153608313568,1.3640633986068047,1.0659417941115261
4,4,0.25,1.0,0.2,,0.2,60,True,1,0.02,20,0.25,0.45,,0.3,0.25,0.001,1.128483631380043,0.14827431688236858,-0.388883198614032,467,1055,0.766072423760524,0.38128239381596785,-0.24400003024216477,-0.24290626802594562,0.14059329445160013,0.15915817165406115,0.1725089111695507,300,0.7533333333333333,15544,0.17374001923522406,0.08766450160572004,-0.388883198614032,0.2254263025971646,0.5331258252252525,0.7316439053415013,0.26073782544122026,-0.21731636458815196,1.1998075981777012,1.1007179878508409
4,4,0.25,1.0,0.2,,0.2,60,True,1,0.02,20,0.25,0.45,0.1,0.3,0.25,0.001,0.21039820239146687,0.07757337678162424,-0.30455487742874765,2919,6244,0.6230244457276801,0.25471066967158645,-0.22180620486861158,-0.14782502002990405,0.20970283760363265,0.625945412693193,0.07797207973945,301,0.7574750830564784,15954,0.00557355207503246,0.005358664391426071,-0.30455487742874765,0.01759507001387545,0.10447286898596127,0.530965791314559,0.2215952365277114,-0.1559657673744479,1.4207940643519423,1.1507683223719658
4,6,0.25,1.0,0.1,,0.2,60,True,1,0.02,20,,,,0.3,0.25,0.001,1.3627400792309188,0.15697769385606497,-0.35937465878288466,411,930,0.8019210468973649,0.43680791068493974,-0.19012646500933206,-0.21536454239559777,0.12784758972150068,0.16113120683985532,0.17394411725923534,316,0.7689873417721519,17946,0.17730980632762666,0.08870340266925214,-0.35937465878288466,0.24682709395723446,0.5281238346374209,0.8930759351676023,0.2866647191623226,-0.18643346290190943,1.5376248163836828,1.2228779072406968
4,6,0.25,1.0,0.1,,0.2,60,True,1,0.02,20,,,0.1,0.3,0.25,0.001,0.2832238126201843,0.08895900579625393,-0.29466796871480483,1684,6032,0.6630489090502821,0.3018957445026987,-0.2022054125252276,-0.17241894894664322,0.1932896756378933,0.5466951660637948,0.0856465894367476,310,0.7548387096774194,17226,0.010655561894131924,0.0099057537213596,-0.29466796871480483,0.03361666272911702,0.14466757754914028,0.6602018033539209,0.24784394953260924,-0.16362810338323686,1.5146783737517795,1.2567409963571206
4,6,0.25,1.0,0.1,,0.2,60,True,1,0.02,20,,0.3,,0.3,0.25,0.001,0.51287685333385,0.11333087277392195,-0.3001641246038098,441,1041,0.7410911730946909,0.3775630179772773,-0.1327234206974115,-0.1601641923246825,0.11215130465319195,0.06511016113120684,0.15002931548358714,307,0.742671009771987,16124,0.12045214629804793,0.0701260415525009,-0.3001641246038098,0.23362565944568192,0.5159149253647405,0.40543177501459815,0.1912259950319244,-0.18161558543531975,1.0529162162683845,1.0808415310517068
4,6,0.25,1.0,0.1,,0.2,60,True,1,0.02,20,,0.3,0.1,0.3,0.25,0.001,0.18808474632765157,0.07344427706698564,-0.2936971129483088,1676,3452,0.6213584821934554,0.25006809338269514,-0.14245868412265783,-0.13962772253037847,0.16254891483523884,0.28855639592239396,0.09645765592195966,309,0.7572815533980582,16481,0.01619586271468592,0.014544303787497714,-0.2936971129483088,0.04952143942272098,0.1854013866825587,0.39419942114010476,0.18820301105776394,-0.12357078508756203,1.5230380783322177,1.2166843191910017
4,6,0.25,1.0,0.1,,0.2,60,True,1,0.02,20,,0.45,,0.3,0.25,0.001,0.8927291164226044,0.13763322584972326,-0.3477355128838112,395,1047,0.7654550479899277,0.3957985904525967,-0.1799837531068691,-0.19897847684682124,0.12880303816327868,0.1519237093061493,0.16732994699607198,309,0.7540453074433657,17423,0.14786695427044383,0.07966651376802858,-0.3477355128838112,0.22910088505871856,0.5125043186188855,0.647621984868745,0.24546583266855748,-0.19139378235587168,1.2825172774533808,1.147650423055768
4,6,0.25,1.0,0.1,,0.2,60,True,1,0.02,20,,0.45,0.1,0.3,0.25,0.001,0.2256466631441738,0.0801978902637781,-0.2946640760503899,1684,6055,0.6581411663624981,0.27216717877093244,-0.1991753928519201,-0.15037384705361556,0.1922949791301624,0.5384741861229858,0.08253709045705264,308,0.7435064935064936,16941,0.007548736746152626,0.007161724875750952,-0.2946640760503899,0.024304709864008803,0.12261949906369739,0.5500862818159478,0.22575531889824552,-0.15617011708462947,1.4455730911433424,1.244653654021755
4,6,0.25,1.0,0.1,,0.2,60,True,1,0.02,20,0.25,,,0.3,0.25,0.001,1.4559952229491238,0.1600595700899492,-0.34499519538998014,447,958,0.830792493583208,0.4639472439870329,-0.226326528054543,-0.25430021336042774,0.1319439222806958,0.1557053600789214,0.16247147789749203,309,0.7766990291262136,17195,0.18839019963391707,0.09183889429029168,-0.34499519538998014,0.2662034008516485,0.560876342210329,0.9151583953688173,0.2899215448424637,-0.18748215208686347,1.5463954387942933,1.2278763662817762
4,6,0.25,1.0,0.1,,0.2,60,True,1,0.02,20,0.25,,0.1,0.3,0.25,0.001,0.28272558811800047,0.08888980745729524,-0.2947393440513416,1684,6032,0.673790554639558,0.3015878580560702,-0.22373843725238773,-0.17241894894664322,0.1992015469680911,0.5830318974021703,0.08043101069475812,307,0.762214983713355,16968,0.010630440284999052,0.009883997132366096,-0.2947393440513416,0.03353470560294241,0.1466462390797002,0.6593051911074493,0.247675581446122,-0.16365442761604532,1.5134059313518928,1.2565710639294911
4,6,0.25,1.0,0.1,,0.2,60,True,1,0.02,20,0.25,0.3,,0.3,0.25,0.001,0.4659676123325602,0.10926525951322663,-0.32905075996201394,455,1234,0.7300370957171756,0.3320620184127226,-0.1720305582298709,-0.16368064667275484,0.11895033013572791,0.0856626109832292,0.1429803760664284,307,0.7296416938110749,15720,0.09375593582285159,0.05946378205112923,-0.32905075996201394,0.18071309745035632,0.4585624352015285,0.45181078054280366,0.20312971701072824,-0.13236339141377973,1.5346366910147133,1.149464099495575
4,6,0.25,1.0,0.1,,0.2,60,True,1,0.02,20,0.25,0.3,0.1,0.3,0.25,0.001,0.1893513407022619,0.07368876278284842,-0.293163268074666,1671,3449,0.6220707114844443,0.2513574202757235,-0.14245868412265783,-0.1415226978787314,0.16171924794437595,0.2860901019401513,0.09649967055094313,310,0.7580645161290323,16340,0.016403907404342687,0.014712585756678997,-0.293163268074666,0.050185638375854914,0.18687470624244165,0.39550506836274674,0.1885573989784215,-0.123570785088579,1.5259059723805937,1.2142786876056981
4,6,0.25,1.0,0.1,,0.2,60,True,1,0.02,20,0.25,0.45,,0.3,0.25,0.001,1.0030340475365263,0.14289852555203342,-0.3702596042507228,504,1104,0.8078085418545637,0.3859414419275107,-0.22018412961197376,-0.1989784768468209,0.12814621132809342,0.14682670174284776,0.15701759434361856,303,0.759075907590759,16667,0.16589614847381942,0.08532948401198293,-0.3702596042507228,0.2304585297244625,0.5611563466696573,0.6732971322135488,0.25028367212550107,-0.18824909880007,1.3295345035957642,1.1662820064140282
4,6,0.25,1.0,0.1,,0.2,60,True,1,0.02,20,0.25,0.45,0.1,0.3,0.25,0.001,0.22569434411579337,0.08020586934069107,-0.29465552255486305,1684,6055,0.653115340900123,0.2722021587963186,-0.20541113404078026,-0.15037384705361556,0.19042448863241554,0.5049325879644854,0.08336851460940915,304,0.7467105263157895,16769,0.007551625501792355,0.007164327648687463,-0.29465552255486305,0.024314248674411013,0.1219699564599823,0.5501748400656744,0.22577434035060873,-0.15617011701975536,1.445694891309126,1.244661669679042
4,6,0.25,1.0,0.2,,0.2,60,True,1,0.02,20,,,,0.3,0.25,0.001,0.5906295825509054,0.11939372650800051,-0.3073481307442357,440,1055,0.7520014965981257,0.38846413745511194,-0.19727381409243228,-0.21010374321727343,0.10446171579852143,0.07431765866491286,0.1339701264953291,308,0.7532467532467533,17483,0.11025233617778872,0.06623406250658825,-0.3073481307442357,0.21550175804292074,0.483306114035826,0.5199575315269819,0.21915070385198065,-0.16082649235379687,1.3626530097409466,1.1593879137029857
4,6,0.25,1.0,0.2,,0.2,60,True,1,0.02,20,,,0.1,0.3,0.25,0.001,0.20976111040412274,0.07746043483989684,-0.27744067792274196,1767,3543,0.614186607600906,0.2791963868451439,-0.18031400450924118,-0.21178204235828113,0.14937010114856955,0.2548503781650773,0.09137457691950131,304,0.7598684210526315,17158,0.025916595400190874,0.022002611647676362,-0.27744067792274196,0.07930564404763804,0.23916903258731625,0.38206379720051103,0.18487026120297045,-0.15510665991995198,1.1918911882853964,1.1434351660157045
4,6,0.25,1.0,0.2,,0.2,60,True,1,0.02,20,,0.3,,0.3,0.25,0.001,0.3856693678242365,0.10138656411112579,-0.2635268028848672,378,985,0.7457067703800315,0.38472961004813155,-0.1213877785405384,-0.15228223578261746,0.09100917320395123,0.035843472541927,0.12207026933598485,305,0.760655737704918,16308,0.09980289053919468,0.06201924126244407,-0.2635268028848672,0.23534320070486262,0.5147488274738409,0.34042061613900976,0.17286198446999612,-0.1529834782697781,1.1299389086000735,1.0896591048784616
4,6,0.25,1.0,0.2,,0.2,60,True,1,0.02,20,,0.3,0.1,0.3,0.25,0.001,0.23618314791142084,0.0819287312013337,-0.24201341181946667,742,1256,0.6523556731586535,0.33852971447074015,-0.13684997535813048,-0.15356876555908683,0.1039449974332026,0.06872739230516278,0.1080668765283032,304,0.756578947368421,16342,0.043146015415941846,0.03353884822821396,-0.24201341181946667,0.13858260158421606,0.33536239525104894,0.3374644302597649,0.17197327460306688,-0.156524069451358,1.0987017856477974,1.0854931527269047
4,6,0.25,1.0,0.2,,0.2,60,True,1,0.02,20,,0.45,,0.3,0.25,0.001,0.5020212462730317,0.11242019468109543,-0.30527645708975615,472,1040,0.7359157082383491,0.3682570079357351,-0.16154021384851658,-0.1752662773933188,0.10493994467860991,0.08171654061164091,0.13180787386500487,310,0.7516129032258064,17216,0.10733186552930714,0.06508041329023317,-0.30527645708975615,0.21318516963494008,0.49163269909771823,0.4400011268530126,0.20018237854723986,-0.1608985848258151,1.244152512366423,1.0984699826382778
4,6,0.25,1.0,0.2,,0.2,60,True,1,0.02,20,,0.45,0.1,0.3,0.25,0.001,0.15665476400837516,0.06692228774396702,-0.27523773395464035,1687,3465,0.5614419054703147,0.24314357912493179,-0.1681760211851795,-0.17756121600065544,0.15339987687262321,0.2841170667543571,0.08826160388268027,306,0.7418300653594772,16972,0.010132566061507125,0.009451394234860189,-0.27523773395464035,0.03433902066792119,0.14043091753718445,0.3593313218462873,0.17842990739735987,-0.13271064334896432,1.344503371354897,1.1137604234252254
4,6,0.25,1.0,0.2,,0.2,60,True,1,0.02,20,0.25,,,0.3,0.25,0.001,0.5511775276679574,0.11641275665839013,-0.3257271648873842,529,1117,0.7449063289857296,0.35739345442262477,-0.22976203903955017,-0.20916847315014597,0.10977534275914747,0.08582703058204538,0.1294544046649603,309,0.7540453074433657,17107,0.09345214194547176,0.059332993722105876,-0.3257271648873842,0.18215549735503167,0.4475344532734246,0.5518617629102546,0.22613624981860703,-0.1546986356898189,1.4617856764556432,1.201414839467757
4,6,0.25,1.0,0.2,,0.2,60,True,1,0.02,20,0.25,,0.1,0.3,0.25,0.001,0.21326740708485548,0.07807864983996282,-0.2771058026729528,1762,3540,0.6162482779808098,0.2817647594774953,-0.17865401042940576,-0.20846148480365456,0.1479586471143703,0.24038145346925355,0.09145346089708967,305,0.7540983606557377,17025,0.026418848121529417,0.022367144819165352,-0.2771058026729528,0.08071698464417801,0.24208905831724092,0.3858635447030959,0.18592139548435105,-0.15508363360964894,1.198846010742319,1.1400154205709243
4,6,0.25,1.0,0.2,,0.2,60,True,1,0.02,20,0.25,0.3,,0.3,0.25,0.001,0.3845202280599475,0.10126379620062398,-0.27416815614565004,322,985,0.7499893998038611,0.3693492257606614,-0.1213877785405384,-0.15228223578261746,0.09200291154275803,0.04061164090759618,0.11966432321371274,307,0.749185667752443,16134,0.09163235237527428,0.058544566287853206,-0.27416815614565004,0.21353525190851044,0.49144846851066887,0.3655659204853312,0.18022280458157303,-0.13177392735062243,1.3676666409284322,1.1440741830881092
4,6,0.25,1.0,0.2,,0.2,60,True,1,0.02,20,0.25,0.3,0.1,0.3,0.25,0.001,0.23618314791142084,0.0819287312013337,-0.24201341181946667,742,1256,0.6523556731586535,0.33852971447074015,-0.13684997535813048,-0.15356876555908683,0.1039449974332026,0.06872739230516278,0.1080668765283032,304,0.756578947368421,16342,0.043146015415941846,0.03353884822821396,-0.24201341181946667,0.13858260158421606,0.33536239525104894,0.3374644302597649,0.17197327460306688,-0.156524069451358,1.0987017856477974,1.0854931527269047
4,6,0.25,1.0,0.2,,0.2,60,True,1,0.02,20,0.25,0.45,,0.3,0.25,0.001,0.4496208502567076,0.10776333672359018,-0.31394437092462524,411,1297,0.7216010194875422,0.34325615205715226,-0.1690886902160753,-0.17526627739331868,0.11382940842893643,0.10506412364353832,0.12563300999358382,305,0.7344262295081967,16736,0.08272340354392128,0.05455576813772445,-0.31394437092462524,0.17377527100437395,0.43124279616609884,0.4777419616961698,0.20941627000157004,-0.1373842573270475,1.5243105292846477,1.1631388349976102
4,6,0.25,1.0,0.2,,0.2,60,True,1,0.02,20,0.25,0.45,0.1,0.3,0.25,0.001,0.1681346061454473,0.06941252730436132,-0.27219525503514963,1684,3462,0.5815063213304752,0.25501005627521983,-0.1681760211851795,-0.17756121600065544,0.1513340991923081,0.25731667214731996,0.08863487718905005,305,0.7475409836065574,16848,0.01124791575536905,0.010416788709027625,-0.27219525503514963,0.03826954554252779,0.14982682740132622,0.37840437713679914,0.1838512420688685,-0.13271064334896443,1.3853541617263445,1.127602208831036
