rules.ma_window,rules.exit_band,rules.mom_window,rules.trail_pct,rules.target_vol_annual,rules.cooldown_days,cagr,mdd,calmar,rec,uw,worst_year,expo,is_cagr,is_mdd,oos_cagr,oos_mdd,n_trades
100,0.0,20,0.15,0.25,5,0.04287517554748521,-0.48365372666292183,0.0886484961943996,497.0,1822,-0.2761417236218817,0.20364372319086452,0.015537548424806369,-0.48365372666292183,0.09509996272022314,-0.35031183701905033,402
100,0.0,20,0.15,0.25,20,0.02348514963815007,-0.558683237026778,0.042036610518572645,2467.0,4495,-0.23707457305282165,0.16662772066345086,0.007181708214244464,-0.558683237026778,0.05416257181405726,-0.3152477006896145,304
100,0.0,20,0.15,0.35,5,0.033207388759360024,-0.5864134192890289,0.05662794824787751,1638.0,3609,-0.3503040423786159,0.28415975932953424,-0.009972653023161082,-0.5864134192890289,0.11757235993358828,-0.44057265761304265,435
100,0.0,20,0.15,0.35,20,0.011590449528422031,-0.6771394435888887,0.017116783903462777,2733.0,4761,-0.3002154936473477,0.229254126219006,-0.01617102020425354,-0.6771394435888887,0.06467740032854441,-0.3974434009629918,326
100,0.0,20,0.15,0.5,5,0.04252690920574187,-0.6846120675315017,0.06211825824087601,700.0,3327,-0.4109236645445091,0.3805665893686023,-0.013183380759647534,-0.6846120675315017,0.1532936616325582,-0.5461575465655264,418
100,0.0,20,0.15,0.5,20,0.011366995350349463,-0.7866806602136807,0.014449313330344138,2773.0,6628,-0.4046725396767249,0.3061022016584604,-0.025220695443122332,-0.7866806602136807,0.08223420820753868,-0.47166384465014255,312
100,0.0,20,0.25,0.25,5,0.07443550683851696,-0.424393878719482,0.1753925081650806,344.0,3296,-0.18598034300877042,0.22991807803522213,0.03667497641271589,-0.424393878719482,0.14227017390440344,-0.30691543208464644,300
100,0.0,20,0.25,0.25,20,0.08604135890965425,-0.5169540472831032,0.16643908556640977,420.0,1339,-0.15119965140701996,0.21163504186616425,0.04164764610332772,-0.5169540472831032,0.16733773730014923,-0.26615144563204984,262
100,0.0,20,0.25,0.35,5,0.07542785981003419,-0.5213285795308928,0.1446839148506043,346.0,4459,-0.2584489325247723,0.319888131348255,0.023688496595044573,-0.5213285795308928,0.16997768559249904,-0.44158070832188867,344
100,0.0,20,0.25,0.35,20,0.08904306468422551,-0.6146067177969032,0.1448781181621412,495.0,2576,-0.23101759125208932,0.2928918837717787,0.029041764153969085,-0.6146067177969032,0.20095449274819321,-0.3793303010194795,297
100,0.0,20,0.25,0.5,5,0.08562831163135076,-0.6895671670616133,0.12417689780131283,1933.0,4562,-0.3366630893873682,0.4294754628937233,0.021073055836295262,-0.6895671670616133,0.20430765394377826,-0.580196086565163,331
100,0.0,20,0.25,0.5,20,0.10662517044638808,-0.6533456066681291,0.16319872569457558,454.0,2617,-0.31967923526690023,0.3920925598480428,0.022072624831056986,-0.6533456066681291,0.2693330722195515,-0.48918575427228483,290
100,0.0,20,0.35,0.25,5,0.08422310681408307,-0.4243938787194814,0.19845504621369292,344.0,1820,-0.18598034300876964,0.23747312262368142,0.05779100450746877,-0.4243938787194814,0.1294211024123737,-0.35786984207507855,283
100,0.0,20,0.35,0.25,20,0.08250363792956206,-0.5169540472831029,0.15959569010662963,413.0,1198,-0.15119965140702007,0.21996948523854154,0.06845774385863845,-0.5169540472831029,0.1038011417476683,-0.3245587102964117,250
100,0.0,20,0.35,0.35,5,0.08521253103613202,-0.5213285795308928,0.163452636939277,346.0,1820,-0.25844893252477175,0.33060688628930357,0.05262331137885923,-0.5213285795308928,0.1405079122602988,-0.49164035222568836,321
100,0.0,20,0.35,0.35,20,0.08250611593381274,-0.6146067177969033,0.13424213166683424,420.0,1205,-0.23101759125208932,0.3049752117766854,0.06680175274734146,-0.6146067177969033,0.10494492073445705,-0.4703377194256234,281
100,0.0,20,0.35,0.5,5,0.11073866672892207,-0.639056215087357,0.1732847034650691,661.0,1820,-0.3464718776608364,0.44566142532073383,0.06798312904847315,-0.639056215087357,0.18326087244060663,-0.6125933690204541,325
100,0.0,20,0.35,0.5,20,0.10656670931394263,-0.6533456066681291,0.16310924605034322,433.0,1784,-0.31967923526690023,0.4111353892544119,0.07539748087595832,-0.6533456066681291,0.15589617182888316,-0.584799625941263,279
100,0.0,60,0.15,0.25,5,0.05998225970136217,-0.4652333949579983,0.12892939404484802,1753.0,2443,-0.2541371328672404,0.21250843071701647,0.03623263466424187,-0.4652333949579983,0.10133301948295714,-0.30156266847741753,420
100,0.0,60,0.15,0.25,20,0.020467621287994175,-0.5591582215158593,0.03660434649875511,1595.0,3625,-0.24848245420428994,0.16538431049147995,0.0006919337589113006,-0.5591582215158593,0.05303739774411853,-0.29783383681599507,292
100,0.0,60,0.15,0.35,5,0.06274594197005978,-0.5755250009214654,0.10902383366421631,1763.0,2451,-0.3326056840375544,0.29587758568637684,0.02460063418063374,-0.5755250009214654,0.12937536986550846,-0.4100833446665545,453
100,0.0,60,0.15,0.35,20,0.006402943129452332,-0.6908745328196821,0.009267881250912309,3528.0,7583,-0.31859506020926376,0.22604475066257676,-0.020796204078653013,-0.6908745328196821,0.05168398028024379,-0.41850938891351397,310
100,0.0,60,0.15,0.5,5,0.07312187009975002,-0.7197653684714371,0.10159125918358457,1778.0,2468,-0.4407269318703815,0.3975685432346635,0.023484514644453114,-0.7197653684714371,0.16028612266902487,-0.4891093014893657,447
100,0.0,60,0.15,0.5,20,0.0043179011942984236,-0.8095002479599239,0.005334033195394636,,7555,-0.41544436215996594,0.3031380108424184,-0.03211089898814645,-0.8095002479599239,0.06542136755827799,-0.4954106371669289,303
100,0.0,60,0.25,0.25,5,0.09102808388894013,-0.3976705636742073,0.22890324857817523,319.0,2544,-0.16900692167672682,0.232826188932817,0.05749619298428699,-0.3976705636742073,0.15025155185252825,-0.2800221656971499,309
100,0.0,60,0.25,0.25,20,0.0821653040954815,-0.5425399795978619,0.15144562094093703,423.0,3289,-0.1976683258908999,0.20691561072637482,0.02920473726360906,-0.5425399795978619,0.1813530168683597,-0.2718053351705142,238
100,0.0,60,0.25,0.35,5,0.0967919552622547,-0.49808757663883185,0.1943271822104479,436.0,2548,-0.23529774567820527,0.3212565104933398,0.049721735464753,-0.49808757663883185,0.18137528569454342,-0.4117581347564232,356
100,0.0,60,0.25,0.35,20,0.07647167580842584,-0.6452618488825388,0.11851262544168557,1454.0,3297,-0.2616381901260857,0.2854117153359412,0.007070163027869336,-0.6452618488825388,0.20902950148985666,-0.38886156544840744,272
100,0.0,60,0.25,0.5,5,0.11266121245699834,-0.6440750551006464,0.17491938488347966,1847.0,3794,-0.31121906412698574,0.43186218112557645,0.054961786561866566,-0.6440750551006464,0.21619680928168727,-0.518548153655596,344
100,0.0,60,0.25,0.5,20,0.09935821253592603,-0.7417280087954385,0.13395505004224273,3058.0,5800,-0.3319889219482237,0.3825971898375414,-0.005099766539743977,-0.7417280087954385,0.30905645541224924,-0.4918902621902035,273
100,0.0,60,0.35,0.25,5,0.09987920054437449,-0.3976705636742077,0.25116065826335765,319.0,1206,-0.18318595428538542,0.2371240703712555,0.0699184917547433,-0.3976705636742077,0.15195142684093876,-0.31546441704936856,284
100,0.0,60,0.35,0.25,20,0.07827623163959796,-0.5425399795978615,0.144277352053608,417.0,1897,-0.1976683258908991,0.2154696350332371,0.04740526653026178,-0.5425399795978615,0.1322689859788666,-0.2791069943158778,230
100,0.0,60,0.35,0.35,5,0.10800712176227445,-0.513972833485195,0.21014169373484134,448.0,2275,-0.2627733854472575,0.32762038171343594,0.07484036920511383,-0.513972833485195,0.16428137971731216,-0.45456899099728354,324
100,0.0,60,0.35,0.35,20,0.06885562139471757,-0.6452618488825391,0.10670958079105615,438.0,1911,-0.26163819012608647,0.2977656337458355,0.03597412055194371,-0.6452618488825391,0.12485784543743272,-0.42609705022993694,259
100,0.0,60,0.35,0.5,5,0.13366737852667043,-0.6480604901217034,0.20625756478622573,521.0,2480,-0.3614372062617178,0.44141516804070663,0.08922950022249676,-0.6480604901217034,0.20934782438158184,-0.5616494974699071,323
100,0.0,60,0.35,0.5,20,0.09115017457533736,-0.6819102264542192,0.13366887757248913,447.0,2548,-0.33198892194822394,0.4023924246074591,0.03721015371307024,-0.6819102264542192,0.18707379118798562,-0.528953286133852,264
100,0.0,120,0.15,0.25,5,0.05853815625681413,-0.4306813264434165,0.13591988475614802,476.0,1821,-0.19601688786716764,0.19298676691787997,0.043504962169415906,-0.4306813264434165,0.08290772746296904,-0.29270367834073807,374
100,0.0,120,0.15,0.25,20,0.031742625505762456,-0.48649566761841934,0.06524749883417182,496.0,1820,-0.1870255741140454,0.1518060606720484,0.016489591772127943,-0.48649566761841934,0.05541534946144866,-0.2918961590281778,258
100,0.0,120,0.15,0.35,5,0.062282654911207436,-0.549016343297663,0.11344408171368284,486.0,2450,-0.28996655523550907,0.2693738418126455,0.033023965915514486,-0.549016343297663,0.1108108215292325,-0.37590848162891344,401
100,0.0,120,0.15,0.35,20,0.019019943389260607,-0.5870228998823779,0.032400683845675605,2468.0,4498,-0.252260942290534,0.20781699866206854,-0.006922683902151672,-0.5870228998823779,0.06145528507189946,-0.38575159700104056,278
100,0.0,120,0.15,0.5,5,0.0714006936199596,-0.6702109691403599,0.10653465387404962,489.0,2451,-0.3930403538595837,0.3570057675426029,0.03296105777208047,-0.6702109691403599,0.13518138366658317,-0.46828640324893245,389
100,0.0,120,0.15,0.5,20,0.020238277003815863,-0.6570743800747846,0.030800587600923437,539.0,2531,-0.2802085838062879,0.2756259568724659,-0.01267811554485343,-0.6570743800747846,0.07374107227417781,-0.46803249371736133,261
100,0.0,120,0.25,0.25,5,0.10363515176044702,-0.407954138744541,0.2540362798607195,317.0,1826,-0.1960001699666144,0.21231675991514,0.07293153410572151,-0.407954138744541,0.156820123738449,-0.29546922718891244,274
100,0.0,120,0.25,0.25,20,0.09252442776359082,-0.5114080857135261,0.180920932516151,419.0,1342,-0.15033249169081486,0.18906606192297395,0.05556383271797238,-0.5114080857135261,0.15821028853548258,-0.2726889155894828,214
100,0.0,120,0.25,0.35,5,0.10991310777666685,-0.5104299844453812,0.21533434775798943,318.0,2550,-0.24472808299369586,0.2920992448279919,0.0654733230037079,-0.5104299844453812,0.18844512983913142,-0.4036657278155107,318
100,0.0,120,0.25,0.35,20,0.09297567675797813,-0.6212344545875635,0.1496627820163396,496.0,2611,-0.21726856786809,0.26116814787403897,0.04289253417291161,-0.6212344545875635,0.18328230493113074,-0.36648040846359364,245
100,0.0,120,0.25,0.5,5,0.12825198264579507,-0.6014561725168669,0.2132357909124267,1838.0,3783,-0.35184227238023236,0.3880536417302269,0.07507453691538912,-0.6014561725168669,0.22143365787346725,-0.5027407343328902,302
100,0.0,120,0.25,0.5,20,0.12407146589419127,-0.659291944518468,0.18818896078703082,455.0,2616,-0.23906575686078868,0.3456677430217747,0.050881123809722206,-0.659291944518468,0.26000857133134403,-0.4725603427233701,233
100,0.0,120,0.35,0.25,5,0.10750617061969514,-0.40795413874454056,0.2635251377778401,317.0,1554,-0.1960001699666133,0.21402564715455683,0.08529040092980278,-0.40795413874454056,0.14413621353400163,-0.32428303130372516,245
100,0.0,120,0.35,0.25,20,0.09232338175827293,-0.5114080857135264,0.180527810054981,413.0,1198,-0.15033249169081497,0.19669811062990242,0.08106212404734925,-0.5114080857135264,0.10819987919085894,-0.3439211851343623,197
100,0.0,120,0.35,0.35,5,0.11411693044863713,-0.5104299844453812,0.22357019361359298,318.0,1503,-0.2447280829936963,0.29592262395250557,0.08914435073252425,-0.5104299844453812,0.1539433237940755,-0.43763102660776765,287
100,0.0,120,0.35,0.35,20,0.08769246308610334,-0.6212344545875635,0.14115840233671878,423.0,1442,-0.2172685678680898,0.2727941189580028,0.07789159597340412,-0.6212344545875635,0.0988511141672801,-0.4534057241349686,228
100,0.0,120,0.35,0.5,5,0.14605392811157514,-0.5718769382000191,0.2553939813892119,603.0,2542,-0.3518422723802319,0.3954394002830334,0.11243197185062903,-0.5718769382000191,0.19947844308974805,-0.529470346908492,280
100,0.0,120,0.35,0.5,20,0.11822430427553754,-0.659291944518468,0.17932011039796023,434.0,1273,-0.2390657568607888,0.3638788611280467,0.09852104363801839,-0.659291944518468,0.14493324190213164,-0.5558120805230888,215
100,0.03,20,0.15,0.25,5,0.05117127080363226,-0.46454750873705264,0.11015293342708826,482.0,3262,-0.31714936825802065,0.21207409921159714,0.025411489874071158,-0.46454750873705264,0.10027340038257937,-0.3871176347577111,373
100,0.03,20,0.15,0.25,20,0.029671108457794748,-0.4805850853453526,0.061739553229107874,1230.0,2015,-0.2858443358892394,0.17859255019659365,0.01669818066554285,-0.4805850853453526,0.05397764407223549,-0.3590202714540852,294
100,0.03,20,0.15,0.35,5,0.04520469320753029,-0.5819894823996443,0.07767269783148562,1638.0,3298,-0.4002262183643447,0.2958476386973528,0.004307417189011398,-0.5819894823996443,0.12481244183890516,-0.4835586573106816,408
100,0.03,20,0.15,0.35,20,0.021212157338507787,-0.5690005912666606,0.037279675388890356,1588.0,2373,-0.3597296498563136,0.2462999958103061,-0.0008254785675335663,-0.5690005912666606,0.06300901454819718,-0.4486886732350821,317
100,0.03,20,0.15,0.5,5,0.05620004883536178,-0.6886935348155463,0.08160385715021111,1918.0,4545,-0.47121873427122607,0.39596928698288536,0.0012798036243446553,-0.6886935348155463,0.16517946718320164,-0.5713973845882108,388
100,0.03,20,0.15,0.5,20,0.028207530058559804,-0.6663438082623876,0.042331795851928235,454.0,2531,-0.4272494485673135,0.32965296704532515,0.0012930049259727294,-0.6663438082623876,0.07960205689546251,-0.5357581664995893,303
100,0.03,20,0.25,0.25,5,0.10181659259581588,-0.3709982528700939,0.27443954737831944,360.0,3290,-0.1875688166294318,0.24713316774067492,0.06426422452974911,-0.3709982528700939,0.16905050243064967,-0.29663109690325784,261
100,0.03,20,0.25,0.25,20,0.11707392316613507,-0.36261094361470725,0.32286373378331384,243.0,2344,-0.1579267442568949,0.2369234620070124,0.07109595979643091,-0.36261094361470725,0.20138638654770236,-0.2873028012092911,238
100,0.03,20,0.25,0.35,5,0.11066399182422004,-0.4642118380465372,0.23839114549492807,361.0,3296,-0.2591666280061402,0.34193639536460535,0.06496386086715056,-0.4642118380465372,0.19228155589006413,-0.42505259585447697,303
100,0.03,20,0.25,0.35,20,0.1277592155804812,-0.43472390538502415,0.2938858756049499,346.0,2582,-0.25164875078405147,0.32718152038632353,0.07256739191838424,-0.43472390538502415,0.2289491904498484,-0.4192181070788277,284
100,0.03,20,0.25,0.5,5,0.13524832144067722,-0.6203297412320168,0.21802649857165468,2155.0,3327,-0.3535683798860093,0.4596064988691405,0.07490045242874754,-0.6203297412320168,0.24405280686218678,-0.49683368806078565,291
100,0.03,20,0.25,0.5,20,0.16662328278505578,-0.5803105863448029,0.2871277669335043,551.0,3292,-0.3175385411872338,0.43959466501244376,0.08490213021139104,-0.5803105863448029,0.32147907452669067,-0.48898643281467724,270
100,0.03,20,0.35,0.25,5,0.1060033247916099,-0.39564208737975404,0.26792732161951066,368.0,1233,-0.21858585212465775,0.2590403463270719,0.08374602973093515,-0.39564208737975404,0.14296082162697576,-0.3248316184855844,239
100,0.03,20,0.35,0.25,20,0.1023838209081076,-0.3692252514035437,0.2772936588678966,360.0,1270,-0.20960664120098849,0.2486758935142,0.09007180064959242,-0.3692252514035437,0.12032625011097653,-0.3432028104753766,223
100,0.03,20,0.35,0.35,5,0.11419065980531307,-0.48413562038383795,0.23586502417396826,368.0,2021,-0.31078840572649946,0.3593776528339426,0.09316283971196393,-0.48413562038383795,0.14664457484158944,-0.4590559115624139,282
100,0.03,20,0.35,0.35,20,0.1089725002869737,-0.4830678141057233,0.22558427016858584,646.0,2544,-0.33392061324746136,0.343290279364208,0.09960363012302076,-0.4514728178802748,0.11931417228989827,-0.4830678141057233,275
100,0.03,20,0.35,0.5,5,0.14554934524723606,-0.6140794599293388,0.23702037723910227,419.0,2507,-0.4210918773086174,0.4858062923223224,0.11382936659464926,-0.6140794599293388,0.19558831379111652,-0.5356642482537697,284
100,0.03,20,0.35,0.5,20,0.140451879531589,-0.6021187521813987,0.2332627559310351,589.0,2584,-0.35747136002575475,0.46370856828421586,0.11985455992980376,-0.6021187521813987,0.16889913989606153,-0.5606248374586644,260
100,0.03,60,0.15,0.25,5,0.07554286033110436,-0.4313056232088157,0.17514925905459489,550.0,1553,-0.23455273456239978,0.223800491044963,0.05702290949797684,-0.4313056232088157,0.10670657946114814,-0.3381938803327357,378
100,0.03,60,0.15,0.25,20,0.033011296315234695,-0.4884402274365147,0.06758513009562743,496.0,1758,-0.24848245420428994,0.17675603544542506,0.02683539844148064,-0.4884402274365147,0.03973653679961142,-0.35048700453496073,283
100,0.03,60,0.15,0.35,5,0.08270079121207718,-0.5240127087863832,0.1578221097034321,550.0,1758,-0.29331763279380796,0.31169670910492425,0.050650731691116224,-0.5240127087863832,0.13693643676499434,-0.45164339223618766,422
100,0.03,60,0.15,0.35,20,0.020092649799821505,-0.5801507060487263,0.034633500554826425,2736.0,3521,-0.32834900476928286,0.24390365816317175,0.00947405712171423,-0.5801507060487263,0.033343286882012935,-0.47723459697492665,304
100,0.03,60,0.15,0.5,5,0.09858185204008518,-0.6723059427635951,0.1466324269496303,1617.0,2296,-0.3980960072569787,0.4190668557570844,0.057233610695825554,-0.6723059427635951,0.168375150109636,-0.5379325817326492,405
100,0.03,60,0.15,0.5,20,0.02619142872047875,-0.6354632117243793,0.04121627851501624,533.0,2228,-0.39287480840974365,0.3264212154038351,0.014843059029361338,-0.6354632117243793,0.03819165524209289,-0.5685798436600831,293
100,0.03,60,0.25,0.25,5,0.1095270831389632,-0.3711696561339909,0.2950863071075625,302.0,1268,-0.18353449839062952,0.25067679519155744,0.07853202473902554,-0.3711696561339909,0.16359704741568026,-0.2827377766187833,260
100,0.03,60,0.25,0.25,20,0.12023735381806278,-0.3977079581310312,0.30232574269597257,249.0,2344,-0.14233626187469806,0.23248140669952805,0.07303710428785593,-0.3977079581310312,0.2070472754884134,-0.2873028012092933,219
100,0.03,60,0.25,0.35,5,0.11792867563583909,-0.4551938203339235,0.25907354267096233,263.0,2542,-0.26229167251104146,0.34684935611838363,0.0778713222280416,-0.4551938203339235,0.187960281447626,-0.40723408616377377,312
100,0.03,60,0.25,0.35,20,0.13051403363243863,-0.468080213654108,0.278828349982089,249.0,3254,-0.25164875078405147,0.3207504262160356,0.0712111184965869,-0.468080213654108,0.24037212996797352,-0.4192181070788278,265
100,0.03,60,0.25,0.5,5,0.14948868480597377,-0.5808652117329733,0.25735520355915975,390.0,3291,-0.3618801050539744,0.4656477636028376,0.09552703781747529,-0.5808652117329733,0.24462425774719798,-0.4832997590311421,295
100,0.03,60,0.25,0.5,20,0.17600625330930342,-0.6037772090602642,0.2915086072613514,551.0,3291,-0.2769507558389196,0.4286158190698237,0.08299474154281827,-0.6037772090602642,0.356256285933819,-0.5184579147862696,252
100,0.03,60,0.35,0.25,5,0.11483353216661296,-0.39674305283191713,0.2894405619630672,368.0,1270,-0.23025736167353628,0.25816353852126567,0.08558168499499863,-0.39674305283191713,0.16542810939692876,-0.3207509105531535,231
100,0.03,60,0.35,0.25,20,0.10102303903423815,-0.3899143787383679,0.2590903145483242,367.0,2541,-0.20960664120098882,0.24451809344916536,0.08222413900539993,-0.3899143787383679,0.13132751658806652,-0.3432028104753776,205
100,0.03,60,0.35,0.35,5,0.12391063060564456,-0.4754348751663341,0.26062587554666367,367.0,2275,-0.31882035014486465,0.3572987371896095,0.09727892079420974,-0.4754348751663341,0.16718274317387882,-0.44760346200699874,278
100,0.03,60,0.35,0.35,20,0.10169839888153254,-0.4830678141057233,0.21052613300226006,582.0,2547,-0.3339206132474615,0.3364974369062073,0.08741989909749681,-0.475395525479139,0.12132290614728447,-0.4830678141057233,250
100,0.03,60,0.35,0.5,5,0.15364812356110336,-0.6298250428306411,0.243953658734429,432.0,3246,-0.43415969734291604,0.48066146657748066,0.11464034940120205,-0.6298250428306411,0.21811131626935176,-0.5231747640079911,270
100,0.03,60,0.35,0.5,20,0.1345604574764503,-0.6193271723655989,0.21726877728047927,431.0,2584,-0.35747136002575475,0.45326309502893725,0.10484170812001259,-0.6193271723655989,0.1807648483734703,-0.5458929026002071,244
100,0.03,120,0.15,0.25,5,0.07045243704369519,-0.4008276847936131,0.17576739261403884,463.0,1553,-0.22018498879161463,0.20109442213864331,0.06424146386126117,-0.4008276847936131,0.07826317792498183,-0.32389719725243693,339
100,0.03,120,0.15,0.25,20,0.032520712112792394,-0.4479306978052887,0.07260210624574974,423.0,1948,-0.20569065757908245,0.15993114310922343,0.026289517931086248,-0.4479306978052887,0.039285238461077565,-0.3370814074233228,254
100,0.03,120,0.15,0.35,5,0.07587009124519772,-0.5097490789738268,0.14883811344579848,479.0,1785,-0.29706299026927285,0.2795532129547921,0.05895647343080479,-0.5097490789738268,0.1004658828735372,-0.41213967550837316,369
100,0.03,120,0.15,0.35,20,0.018319344178309382,-0.5408489016917417,0.033871464139073985,501.0,2227,-0.27988700721299486,0.21997380454757634,0.0033789912716608583,-0.5408489016917417,0.039600431137265524,-0.43788987268198754,276
100,0.03,120,0.15,0.5,5,0.09054897706584697,-0.6107943030094061,0.14824790706086946,552.0,1786,-0.40271240379155715,0.3736357686688718,0.06666110973216832,-0.6107943030094061,0.1255070184463376,-0.5192881701017054,358
100,0.03,120,0.15,0.5,20,0.01812306332328517,-0.594242872277226,0.030497737825335502,1939.0,4735,-0.34404072924941365,0.29266382399460533,0.00013755724374919787,-0.594242872277226,0.04259272362532984,-0.532441146653224,261
100,0.03,120,0.25,0.25,5,0.12246238510679408,-0.33057660789243504,0.37045084916184273,221.0,1273,-0.14145728580613826,0.22652785895586497,0.1031734832691269,-0.33057660789243504,0.1534156631725656,-0.2955228486400392,235
100,0.03,120,0.25,0.25,20,0.11516556570092651,-0.358825799753833,0.32095118517100524,243.0,2611,-0.16212444135870652,0.2101460208284767,0.08359148017328999,-0.358825799753833,0.1700053075871173,-0.3018266599750181,199
100,0.03,120,0.25,0.35,5,0.1334666497787691,-0.41617860350493385,0.32069560677736003,214.0,2542,-0.20088430320174366,0.3117197295903392,0.10588476199249075,-0.41617860350493385,0.1782342073775356,-0.387657144062185,281
100,0.03,120,0.25,0.35,20,0.1260407495211151,-0.4504416919801778,0.27981590462248257,553.0,2617,-0.22732093539177645,0.2912806924170618,0.08346257911465127,-0.4504416919801778,0.20064158528146048,-0.40716869366893327,240
100,0.03,120,0.25,0.5,5,0.16737796616529343,-0.4888117143743891,0.3424180747785759,603.0,2550,-0.2607755651840118,0.41733549329459557,0.13375802506940415,-0.4888117143743891,0.22058904111225885,-0.4857977511471485,267
100,0.03,120,0.25,0.5,20,0.16944112934351696,-0.6039542799167985,0.28055290769172025,586.0,2648,-0.31369514917482355,0.386052480296979,0.10430249339764286,-0.6039542799167985,0.2871532703813855,-0.508628780824252,226
100,0.03,120,0.35,0.25,5,0.12498944352155972,-0.35992263526645374,0.3472675271701903,533.0,1042,-0.1963437273412476,0.23056696717062652,0.11381376686134836,-0.33057660789243504,0.1405922326314375,-0.35992263526645374,201
100,0.03,120,0.35,0.25,20,0.10556542265984414,-0.3735617308806446,0.2825916413091388,598.0,1268,-0.22432345683903743,0.21982448952082467,0.10656057561665966,-0.33057660785772125,0.0988019671763003,-0.3735617308806446,182
100,0.03,120,0.35,0.35,5,0.13846280220692386,-0.4670775873938203,0.2964449717647826,536.0,1224,-0.2691819303389871,0.3184050448189315,0.13311284644530752,-0.41617860350493374,0.1411196326189117,-0.4670775873938203,244
100,0.03,120,0.35,0.35,20,0.10885203376408992,-0.4897705677866181,0.22225107208057931,521.0,1822,-0.30846203166332975,0.3052564458259402,0.11490838990260754,-0.4161786035049335,0.09096377390201305,-0.4897705677866181,225
100,0.03,120,0.35,0.5,5,0.17872713099303517,-0.5583433904692581,0.3201025283792192,536.0,2172,-0.3122545374771537,0.42934130153796224,0.1727067232436228,-0.49239094341163137,0.17936595740678207,-0.5583433904692581,241
100,0.03,120,0.35,0.5,20,0.14805166538188774,-0.566757261404729,0.26122588180861794,521.0,2579,-0.34655430871092263,0.4084877886685529,0.1451471730462035,-0.542353939421107,0.14321735428153137,-0.566757261404729,209
200,0.0,20,0.15,0.25,5,0.055859696664710023,-0.44381635371168904,0.12586218645966676,479.0,1828,-0.2758790765410294,0.20169516296490989,0.035620490092810986,-0.44381635371168904,0.09318818450551491,-0.34144934274122385,374
200,0.0,20,0.15,0.25,20,0.03148478868068727,-0.4486117352345875,0.0701827130407618,423.0,1849,-0.2426820230507718,0.16686163446784227,0.01575180010878685,-0.4486117352345875,0.0603230235364256,-0.31125833363374744,287
200,0.0,20,0.15,0.35,5,0.05140616999590497,-0.5634429860256577,0.09123579718066466,1289.0,3092,-0.34865710293083507,0.2819501291300659,0.014028630068414927,-0.5634429860256577,0.12192573215056535,-0.4243982634900576,409
200,0.0,20,0.15,0.35,20,0.02316617086647632,-0.6052319924693663,0.038276514055308915,1454.0,5509,-0.3046786012673447,0.23004899270418666,-0.004122053599468933,-0.6052319924693663,0.07397143357941283,-0.38553378513231995,313
200,0.0,20,0.15,0.5,5,0.06569503777233443,-0.6711037494162431,0.0978910307526653,3169.0,4394,-0.4056951408354408,0.3755140302841268,0.01788383422059181,-0.6711037494162431,0.1571394001964148,-0.5098900199270158,388
200,0.0,20,0.15,0.5,20,0.030333220726043164,-0.7100493842595942,0.04271987469952278,1492.0,5347,-0.35627742912469074,0.3049922011036544,-0.0030675485855814477,-0.7100493842595942,0.0930415079425222,-0.4691363337871183,291
200,0.0,20,0.25,0.25,5,0.09156779329485731,-0.4585823311060463,0.19967579883421727,473.0,1826,-0.18593464786438962,0.2324154444876928,0.056536372408597435,-0.4585823311060463,0.15206547264762094,-0.314552881188254,284
200,0.0,20,0.25,0.25,20,0.09576135577135325,-0.48443092662272447,0.19767803934188607,413.0,1828,-0.15581487778516256,0.21681689637188148,0.05072980469873145,-0.48443092662272447,0.1760267644949236,-0.2891918833679974,238
200,0.0,20,0.25,0.35,5,0.09885855879403604,-0.5595934711469799,0.1766613870447934,487.0,2619,-0.28705906712067186,0.32267426110388914,0.04874920770005775,-0.5595934711469799,0.18718486356741826,-0.4321416455791989,328
200,0.0,20,0.25,0.35,20,0.10380118430259277,-0.5690469654392387,0.1824123325611098,420.0,3764,-0.25398430877642897,0.3015480156722117,0.040824163939328084,-0.5690469654392387,0.21861171028715676,-0.4057975587410727,289
200,0.0,20,0.25,0.5,5,0.11891361864094474,-0.6311894649257209,0.18839607637452985,448.0,3792,-0.3214616299486589,0.4310355135220624,0.052458459864565876,-0.6311894649257209,0.23762383805045473,-0.5108707735092615,315
200,0.0,20,0.25,0.5,20,0.13497408890297802,-0.6621968579903822,0.20382773985457114,646.0,3865,-0.28392573105180385,0.4019333951583844,0.04229819016348224,-0.6621968579903822,0.3104659040476456,-0.48509378887116916,265
200,0.0,20,0.35,0.25,5,0.10945863185298421,-0.46561821426241545,0.23508236684077605,323.0,1826,-0.13881518914836655,0.24400984056080957,0.08591647362197374,-0.46561821426241545,0.14776496779694281,-0.2958399459047746,259
200,0.0,20,0.35,0.25,20,0.10067830991357551,-0.46870901535834086,0.2147991752123739,340.0,1826,-0.14255000452157351,0.23113260576739092,0.09228525491574024,-0.46870901535834086,0.11087161082802521,-0.28363370908346697,219
200,0.0,20,0.35,0.35,5,0.12086636817088192,-0.5696196754850636,0.21218783931218196,346.0,1826,-0.2606767819411624,0.34074987284623465,0.09051214826169063,-0.5696196754850636,0.16999672743380279,-0.4180216690214389,307
200,0.0,20,0.35,0.35,20,0.1072430761025458,-0.5686551988867924,0.18859068959975464,346.0,1828,-0.23305023918996093,0.3224158583634542,0.09055467181038379,-0.5686551988867924,0.1306294050684793,-0.4070243956899622,265
200,0.0,20,0.35,0.5,5,0.15556149682716702,-0.6765924463043468,0.2299190564081348,524.0,1714,-0.3498003600282529,0.4574659021614181,0.11373658031009648,-0.6765924463043468,0.22360937853005525,-0.5371790927183093,304
200,0.0,20,0.35,0.5,20,0.14586968937204792,-0.6329039310449518,0.230476826287381,636.0,2950,-0.34610384759771384,0.4311287168067575,0.11328459984318817,-0.6329039310449518,0.19602929332416608,-0.5142729397834003,252
200,0.0,60,0.15,0.25,5,0.08534547377225787,-0.3776953342827939,0.2259638021060559,338.0,1785,-0.21384337269983045,0.2143151921527754,0.06499450301747123,-0.3776953342827939,0.11903887072934438,-0.3099891617239364,364
200,0.0,60,0.15,0.25,20,0.041001965430873755,-0.435640180138804,0.09411887906622772,420.0,1822,-0.19043773837012157,0.16849059236086916,0.03319077527062908,-0.435640180138804,0.05038685783461694,-0.31728126207953056,270
200,0.0,60,0.15,0.35,5,0.09750161323646123,-0.4873837883491805,0.20005099793472678,541.0,1819,-0.3180137858698818,0.2980961805603152,0.06279677025606634,-0.4873837883491805,0.15521480383652442,-0.40003303215344055,403
200,0.0,60,0.15,0.35,20,0.03367524651336584,-0.5130847994726531,0.0656329061940193,495.0,1990,-0.27794134647344093,0.23198107494498824,0.01783475047352545,-0.5130847994726531,0.05599660323469324,-0.4232142235885731,289
200,0.0,60,0.15,0.5,5,0.12643637728001256,-0.6188655312581378,0.20430347287717032,1588.0,2276,-0.4351065732444023,0.3974709050147951,0.0763670878917655,-0.6188655312581378,0.21124815863201274,-0.5061336195899009,381
200,0.0,60,0.15,0.5,20,0.04598370408651675,-0.6496321733381566,0.07078421601292921,2908.0,4314,-0.3268974133909671,0.3087238333059495,0.026208725066592775,-0.6496321733381566,0.072907479423866,-0.5133587197740341,273
200,0.0,60,0.25,0.25,5,0.11515429345351302,-0.4316953494530038,0.2667489784159679,343.0,2543,-0.18493269890414998,0.23624859470145626,0.08760506956578484,-0.4316953494530038,0.16106177487015416,-0.31370923512692594,260
200,0.0,60,0.25,0.25,20,0.1079583138660114,-0.49725120924498134,0.21711020880157067,416.0,3621,-0.19761803091946228,0.21554528789666477,0.048392049459618836,-0.49725120924498134,0.2178069443125279,-0.3243903484519495,213
200,0.0,60,0.25,0.35,5,0.12980085021255294,-0.5299701963298208,0.2449210372799396,340.0,2544,-0.26007949111036244,0.32644625766890306,0.0918819633091652,-0.5299701963298208,0.19354465555263634,-0.4106523791762855,316
200,0.0,60,0.25,0.35,20,0.11771695093485746,-0.5799580189145264,0.20297495179941027,420.0,3765,-0.28455811136535714,0.2963739203160581,0.03855213113101974,-0.5799580189145264,0.26696152746411306,-0.430149631158093,258
200,0.0,60,0.25,0.5,5,0.1728201061614787,-0.5710337580193128,0.3026442898243396,302.0,2550,-0.30086774482598766,0.43523781026841935,0.11927786107387028,-0.5710337580193128,0.26404837078976406,-0.537830438400023,294
200,0.0,60,0.25,0.5,20,0.15981904233815647,-0.6988496725675013,0.22868872750701572,650.0,3869,-0.3266700077227145,0.39463017717904464,0.037014335218496175,-0.6988496725675013,0.4049096115825408,-0.5158298374941557,239
200,0.0,60,0.35,0.25,5,0.12832191463564446,-0.4390806369089013,0.29225136307312993,319.0,1232,-0.1676694422734738,0.24521339812681106,0.0997009775673745,-0.4390806369089013,0.1762180088502252,-0.3315979680838723,229
200,0.0,60,0.35,0.25,20,0.10243606833328123,-0.4819202433576182,0.21255813538686852,346.0,1828,-0.16023751096042071,0.22923953151613158,0.07729646952971447,-0.4819202433576182,0.14380598563461744,-0.30763088494050417,197
200,0.0,60,0.35,0.35,5,0.14000634991930005,-0.5406707980417436,0.2589493466752584,323.0,1777,-0.2775968030953144,0.33863978067967243,0.10939669945015296,-0.5406707980417436,0.18949573105728157,-0.40673000755061284,278
200,0.0,60,0.35,0.35,20,0.10569268076711258,-0.5795761712754204,0.18236201901559262,448.0,1862,-0.2644819774955397,0.3159024304498516,0.07897670073717311,-0.5795761712754204,0.14795964069430645,-0.4141589651482117,237
200,0.0,60,0.35,0.5,5,0.18511997998886054,-0.6622810528560747,0.27951876199769576,518.0,1439,-0.40557037049006317,0.4527733466323159,0.1410932704646961,-0.6622810528560747,0.2571799041324323,-0.5387037332146625,264
200,0.0,60,0.35,0.5,20,0.14205348538035323,-0.7004886791926435,0.2027919787998268,650.0,2964,-0.3320484988532335,0.423865818501459,0.09478066596318135,-0.7004886791926435,0.22106406102069642,-0.49269281765532835,226
200,0.0,120,0.15,0.25,5,0.07272104191668016,-0.4319637522485784,0.16834987088183273,541.0,1784,-0.24513297194259387,0.2089636266215919,0.06355475707022351,-0.4319637522485784,0.08568888381573703,-0.29516708123028323,349
200,0.0,120,0.15,0.25,20,0.03728223711278433,-0.4211732508935042,0.08851995475422852,420.0,1785,-0.20569065757908234,0.1608795639052605,0.035134752599592645,-0.4211732508935042,0.03644004784683652,-0.3370814074233227,255
200,0.0,120,0.15,0.35,5,0.07789610601701868,-0.5638621040441043,0.13814743969906124,1760.0,2450,-0.35249019551033545,0.2913085136404741,0.060528858442504774,-0.5638621040441043,0.10270578521212181,-0.40046032735793236,384
200,0.0,120,0.15,0.35,20,0.0256659918826736,-0.5071064860184438,0.050612627900287026,495.0,2525,-0.27988700721299475,0.22104602279119068,0.018474873818910886,-0.5071064860184438,0.03213749838065949,-0.437889872681987,279
200,0.0,120,0.15,0.5,5,0.09615522343777072,-0.692393567410044,0.13887365215920097,1756.0,2444,-0.46059829583655565,0.3872525447569736,0.07399427915567158,-0.692393567410044,0.1269243159572131,-0.5060241989149263,368
200,0.0,120,0.15,0.5,20,0.02918716915914521,-0.6239244473927648,0.04677997357069691,437.0,2450,-0.3440407292494133,0.2938328160943116,0.024023350383066022,-0.6239244473927648,0.029399393680770602,-0.5324411466532237,263
200,0.0,120,0.25,0.25,5,0.12287376759633184,-0.398931726247566,0.3080070084976891,304.0,1553,-0.1708780378551651,0.23252782595466828,0.10398347108251405,-0.398931726247566,0.15236948289909424,-0.29371247143070656,240
200,0.0,120,0.25,0.25,20,0.08966349919168048,-0.4794933245724239,0.18699634509330376,413.0,2617,-0.20056100008700806,0.20669647258275306,0.05599999978529646,-0.4794933245724239,0.14750414712998405,-0.33383934782542246,208
200,0.0,120,0.25,0.35,5,0.1283944797134704,-0.513128379449604,0.2502190189737507,319.0,1554,-0.28382876745739205,0.3197741041188148,0.10470821382523465,-0.513128379449604,0.16476809941811532,-0.3904077926693872,295
200,0.0,120,0.25,0.35,20,0.09427365730606585,-0.5632614425529384,0.16737104687794335,420.0,2653,-0.26891203923294205,0.2854172745249035,0.049875185647461295,-0.5632614425529384,0.17114683056040914,-0.4309704766172967,250
200,0.0,120,0.25,0.5,5,0.1671744532127344,-0.5806578009277443,0.2879052911123073,420.0,1820,-0.37654816089618204,0.4267020205722118,0.1338871260315193,-0.5806578009277443,0.21848035547624756,-0.46202970921119946,274
200,0.0,120,0.25,0.5,20,0.12776012650309565,-0.6162669936320428,0.2073129468611099,1676.0,3780,-0.3235163343626205,0.3789050777992533,0.05694028259631101,-0.6162669936320428,0.25555230653528227,-0.5204221670667706,237
200,0.0,120,0.35,0.25,5,0.11171145286428596,-0.4087599544573478,0.27329353486348557,266.0,1818,-0.154594009017896,0.23668351297229112,0.10159245523394911,-0.4087599544573478,0.12501927215593578,-0.34095906998311976,212
200,0.0,120,0.35,0.25,20,0.09509645518232435,-0.46362084465428943,0.2051168671098803,323.0,1267,-0.16331754390885433,0.2195189607896328,0.09477811084977428,-0.46362084465428943,0.09074308825659161,-0.33835533329399536,183
200,0.0,120,0.35,0.35,5,0.11986179942606667,-0.5242123984962004,0.22865121040614889,322.0,1786,-0.2631558663107416,0.3265151996486617,0.11191085214086605,-0.5242123984962004,0.12713099661653748,-0.4630251767031013,258
200,0.0,120,0.35,0.35,20,0.09507784185477375,-0.5628644165541639,0.16891784070635865,345.0,1820,-0.244238034342649,0.30363779760261894,0.09772419132528865,-0.5628644165541639,0.08347641796572325,-0.44238492131774443,224
200,0.0,120,0.35,0.5,5,0.1604139501355153,-0.6194885863797845,0.2589457718227785,436.0,1439,-0.324494093707542,0.4386885904659298,0.15262482816304113,-0.6194885863797845,0.16417160596068325,-0.5363899057623438,251
200,0.0,120,0.35,0.5,20,0.13203540428050142,-0.6146721248480035,0.21480623399532103,304.0,1706,-0.3244940937075421,0.4069129088544427,0.12565887406919773,-0.6146721248480035,0.13345741184992188,-0.530051113859437,219
200,0.03,20,0.15,0.25,5,0.044624985966077446,-0.47776216125833937,0.09340418640216983,482.0,1862,-0.27587907654103017,0.20912970455075283,0.02360590326783729,-0.47776216125833937,0.08342673808136669,-0.3414493427412245,348
200,0.03,20,0.15,0.25,20,0.02788937170867989,-0.495604043772197,0.05627349505949382,1230.0,2015,-0.24268202305077158,0.17708847466570135,0.017667461443631183,-0.495604043772197,0.04649277914059602,-0.31125833363374766,278
200,0.03,20,0.15,0.35,5,0.035308728437869474,-0.6173384623244116,0.05719508923018428,1699.0,3898,-0.34865710293083507,0.29250758921316744,-0.00304571624981409,-0.6173384623244116,0.10780509306255515,-0.4243982634900575,386
200,0.03,20,0.15,0.35,20,0.01886156753491841,-0.5989522911866838,0.031490934774702384,1454.0,3484,-0.30467860126734525,0.24456485315181176,-0.0028282477627231684,-0.5989522911866838,0.05893216303349713,-0.3855337851323204,306
200,0.03,20,0.15,0.5,5,0.04151886410219996,-0.7535328230462043,0.05509894570266669,4249.0,6330,-0.40569514083544056,0.39029971784485257,-0.0077796474139076865,-0.7535328230462043,0.13611406597513565,-0.5208806020089229,370
200,0.03,20,0.15,0.5,20,0.021050621466123465,-0.6772661523317534,0.031081756254389026,1476.0,6120,-0.35627742912469096,0.32509659921271306,-0.002436528192645837,-0.6772661523317534,0.06454976767186804,-0.4691363337871185,290
200,0.03,20,0.25,0.25,5,0.08624396030677661,-0.43660733359733905,0.1975320927300664,346.0,3690,-0.23349092606262567,0.24477201984939337,0.04984871631128618,-0.43660733359733905,0.14944425408483775,-0.29242336370616917,243
200,0.03,20,0.25,0.25,20,0.09820480703304502,-0.4619538994366367,0.21258573020556384,404.0,2619,-0.241317715445577,0.2356729753762536,0.06095980227942577,-0.4619538994366367,0.1629984420544648,-0.2814594859731183,229
200,0.03,20,0.25,0.35,5,0.09018851431581143,-0.5941802494451693,0.15178645604600155,522.0,3855,-0.31745084214737773,0.34003302183688583,0.03689797774097725,-0.5941802494451693,0.18509582615457076,-0.4242956349903979,294
200,0.03,20,0.25,0.35,20,0.10405782071541747,-0.5490940929260631,0.189508177297819,417.0,3715,-0.3273809020976012,0.32879383034551374,0.049854058984867944,-0.5490940929260631,0.2006735984532162,-0.3783623679417024,280
200,0.03,20,0.25,0.5,5,0.10173358997411985,-0.7766363613027858,0.13099256620365365,1623.0,4956,-0.4664508358261046,0.4558539674379602,0.029488843301490375,-0.7766363613027858,0.23307942742529386,-0.5693274292391841,283
200,0.03,20,0.25,0.5,20,0.13320189381239245,-0.6936847951918249,0.19202077764376843,1728.0,3792,-0.44258581149385967,0.4393549351610236,0.054517285000752036,-0.6936847951918249,0.277791814315939,-0.5102484217852901,261
200,0.03,20,0.35,0.25,5,0.10239926752484307,-0.4739893774550167,0.21603705145177254,344.0,1822,-0.1926219290417337,0.25948811245944914,0.07584486035760896,-0.4739893774550167,0.14646599671967353,-0.35397652558938686,217
200,0.03,20,0.35,0.25,20,0.09247036839658418,-0.4755215375642122,0.19446094675385214,345.0,1826,-0.18278311770314448,0.2539584312951984,0.08332214437928243,-0.4755215375642122,0.10406909992090707,-0.353365612134503,212
200,0.03,20,0.35,0.35,5,0.10760491460858734,-0.5865645383241107,0.18344940339562332,462.0,2548,-0.2619352660038189,0.36305207084573915,0.06979612977771454,-0.5865645383241107,0.1713117169119236,-0.483386172134603,272
200,0.03,20,0.35,0.35,20,0.09503370966869151,-0.583664912826355,0.16282237904022304,449.0,2550,-0.24508132615565226,0.3536839999389111,0.07659553872093938,-0.583664912826355,0.12174799864400754,-0.48873449593834106,254
200,0.03,20,0.35,0.5,5,0.13143438661566686,-0.7520596174594576,0.17476591424981316,1600.0,4864,-0.40224210331179233,0.49009002774609284,0.07570811793603194,-0.7520596174594576,0.2276748606289989,-0.6009243232296781,271
200,0.03,20,0.35,0.5,20,0.12442948252612096,-0.6929776763740266,0.17955770693392667,525.0,3789,-0.39790236309650084,0.47538541066993695,0.09122802971655752,-0.6929776763740266,0.17598657832819664,-0.6088159631608896,248
200,0.03,60,0.15,0.25,5,0.07706208561153716,-0.41691586225084176,0.18483845924090064,470.0,1826,-0.18928029394895818,0.22053814829491125,0.051624554977171666,-0.41691586225084176,0.12042582266351998,-0.29309903944875715,347
200,0.03,60,0.15,0.25,20,0.039081109758090316,-0.5046499944034466,0.07744200969285378,1225.0,1820,-0.2436205751350008,0.17556666730950488,0.03014268522605823,-0.5046499944034466,0.0505292179777177,-0.31728126207953045,261
200,0.03,60,0.15,0.35,5,0.085169171708122,-0.5274034618306545,0.16148769940283256,482.0,1828,-0.27005079018209965,0.30639235303234963,0.04386328934542494,-0.5274034618306545,0.15596139290403332,-0.40035565588624,386
200,0.03,60,0.15,0.35,20,0.030809507050007623,-0.5967325694296155,0.05163034268341808,1588.0,2144,-0.3126105962518283,0.24152879267779973,0.013341404358013342,-0.5967325694296155,0.056179934166892265,-0.4232142235885732,282
200,0.03,60,0.15,0.5,5,0.107525052910451,-0.6552039788783217,0.16410927951708842,2022.0,3969,-0.38063396051744713,0.4098389590904644,0.04882703759337281,-0.6552039788783217,0.21022267316836052,-0.5194029382240762,367
200,0.03,60,0.15,0.5,20,0.0413326718017939,-0.6724183666260996,0.06146868356553542,1492.0,2010,-0.3292164623702978,0.32250146057865886,0.018983639657265128,-0.6724183666260996,0.07313595782357862,-0.5133587197740341,271
200,0.03,60,0.25,0.25,5,0.11327129297376382,-0.45572023291217234,0.24855445247609573,464.0,2550,-0.135243919816038,0.24809237355516311,0.07886993084302585,-0.45572023291217234,0.17241329055258348,-0.2845603648891931,229
200,0.03,60,0.25,0.25,20,0.12108252541237197,-0.49074783345560236,0.24673063670962947,413.0,2611,-0.17730955366086776,0.23185159847758632,0.06365951651133228,-0.49074783345560236,0.2263429497018008,-0.2722540590416834,203
200,0.03,60,0.25,0.35,5,0.12331362564274961,-0.5609521251370899,0.21982914426540992,471.0,3622,-0.19313273808726206,0.342947419708458,0.07515281588789025,-0.5609521251370899,0.2074492327475641,-0.38523941648884363,282
200,0.03,60,0.25,0.35,20,0.13209779558816703,-0.5805743792051759,0.22752949547827614,420.0,2619,-0.24587377438623292,0.3197932306995604,0.0547196257867284,-0.5805743792051759,0.27717374966327535,-0.37855525232384013,249
200,0.03,60,0.25,0.5,5,0.1636231138029851,-0.6492130250804891,0.25203301147985935,1748.0,3695,-0.23345049623142455,0.4601464097513495,0.09304858386548465,-0.6492130250804891,0.2902308627626735,-0.5100558983253336,266
200,0.03,60,0.25,0.5,20,0.1838026083740727,-0.6920076945415851,0.26560775237597795,1681.0,3745,-0.3422102972676181,0.4268179509905237,0.060995748551655904,-0.6920076945415851,0.42785913975876655,-0.4482264310100349,235
200,0.03,60,0.35,0.25,5,0.11913751719732502,-0.4918341039961731,0.24223110237644685,445.0,2544,-0.19262192922830046,0.2594051614366015,0.0768635334209613,-0.4918341039961731,0.1937256684397517,-0.3120650332401931,199
200,0.03,60,0.35,0.25,20,0.10476609035398132,-0.5035876520409261,0.20803943450437715,448.0,1821,-0.18278311770314448,0.24866677104928775,0.07546612808446662,-0.5035876520409261,0.15408227921413875,-0.2609287634016949,189
200,0.03,60,0.35,0.35,5,0.12772232164991904,-0.6042024622475795,0.21138993901945277,469.0,2548,-0.2579125244725211,0.35798037261368365,0.07999996292003497,-0.6042024622475795,0.21093242068646156,-0.3823727463264892,246
200,0.03,60,0.35,0.35,20,0.10777508106546141,-0.6127316150505062,0.17589280268585086,471.0,1826,-0.24508132615565237,0.3436513799832636,0.0712907172796835,-0.6127316150505062,0.16888660641494124,-0.389725491177794,227
200,0.03,60,0.35,0.5,5,0.1654316469744812,-0.6748128584947456,0.2451518889896336,369.0,2571,-0.34824958489039004,0.48208696410896074,0.0942895541065738,-0.6748128584947456,0.2932078548273038,-0.49756193769998935,238
200,0.03,60,0.35,0.5,20,0.14447923748229807,-0.684790478456466,0.21098312845698103,386.0,2571,-0.34824958489039004,0.462868880621381,0.08348397827990617,-0.684790478456466,0.2513651436718849,-0.47880058690203897,222
200,0.03,120,0.15,0.25,5,0.07589418530113212,-0.4523375169462335,0.16778220346059244,550.0,1777,-0.2629887614190085,0.2113419826693232,0.0626678626881858,-0.4523375169462335,0.0963205265971725,-0.2951670812302828,340
200,0.03,120,0.15,0.25,20,0.04124485022194113,-0.44005262011085267,0.09372708702779961,423.0,1785,-0.20569065757908256,0.16510150676490107,0.04014640702354111,-0.44005262011085267,0.03851025843165523,-0.33708140742332215,251
200,0.03,120,0.15,0.35,5,0.08174362241604416,-0.5861618644275073,0.13945571586422045,1771.0,2450,-0.37417557640887456,0.29467266755276633,0.057321455110093344,-0.5861618644275073,0.11979626504232299,-0.4004603273579318,374
200,0.03,120,0.15,0.35,20,0.029735770917771243,-0.5289134637205646,0.05622048398730352,496.0,1984,-0.2798870072129952,0.22762335422151664,0.023170257522188598,-0.5289134637205646,0.03505130209678886,-0.43788987268198765,277
200,0.03,120,0.15,0.5,5,0.09812974536359342,-0.7101895767640611,0.13817401518439074,1771.0,2450,-0.4861576697336111,0.392286755908995,0.06562880837579366,-0.7101895767640611,0.1485850281876897,-0.49033022235483714,360
200,0.03,120,0.15,0.5,20,0.03435534378713889,-0.6239244473927643,0.0550633076339642,437.0,1828,-0.3440407292494142,0.30211696832465074,0.029692432286213766,-0.6239244473927643,0.033626830789722284,-0.5324411466532243,258
200,0.03,120,0.25,0.25,5,0.13567645073660972,-0.34614167388096795,0.39196797431350744,239.0,972,-0.18608506835398364,0.24161764506102373,0.11806811282513796,-0.34614167388096795,0.16272961435193167,-0.24745317750722162,215
200,0.03,120,0.25,0.25,20,0.10041219487783404,-0.4255615781655717,0.23595221004365913,272.0,2617,-0.19622774357579176,0.2200082637663691,0.07006009078250242,-0.4255615781655717,0.15177690510878472,-0.2980520465568536,198
200,0.03,120,0.25,0.35,5,0.1424713906570323,-0.4850448084469101,0.29372830752115203,368.0,1552,-0.30298388428662215,0.3332542028615975,0.11700382310764645,-0.4850448084469101,0.182129578578605,-0.3335772523057695,274
200,0.03,120,0.25,0.35,20,0.10468418372413568,-0.5187849770422178,0.20178723046488037,1624.0,3688,-0.2704077120321643,0.3058634276047958,0.06369471582934261,-0.5187849770422178,0.1746826925448295,-0.3989739949627855,246
200,0.03,120,0.25,0.5,5,0.17945077932453146,-0.6055141243451012,0.29636101307895657,413.0,1553,-0.4069862320281701,0.4449172683841907,0.14441034688535304,-0.6055141243451012,0.2340187353102774,-0.4477081774459467,258
200,0.03,120,0.25,0.5,20,0.14086502444345972,-0.6796988965928012,0.2072462161548132,1700.0,3764,-0.3732724141447815,0.40474044811398635,0.07334008628578603,-0.6796988965928012,0.26144211611821033,-0.47916029655335257,227
200,0.03,120,0.35,0.25,5,0.12043525192800741,-0.3924042593003474,0.3069162708446187,259.0,1047,-0.1467503767926479,0.24949940813646238,0.10089522355588754,-0.3924042593003474,0.1511569033868292,-0.27910764585334813,187
200,0.03,120,0.35,0.25,20,0.09722330597560735,-0.44004690316999917,0.2209385074073524,319.0,1268,-0.14052114415266392,0.2365870546039311,0.09302880526866564,-0.44004690316999917,0.09981738535021001,-0.2717591103647786,171
200,0.03,120,0.35,0.35,5,0.12696483906021983,-0.5115728355429252,0.248185263639876,317.0,2275,-0.22970751672148604,0.34480045008407806,0.10634907035389873,-0.5115728355429252,0.15756812954386246,-0.3807312674431351,237
200,0.03,120,0.35,0.35,20,0.09239441745472332,-0.5427667300327552,0.17022859424185313,323.0,2550,-0.22970751672148593,0.32823072094777556,0.08799914149258625,-0.5427667300327552,0.09337312484850302,-0.37490201719679095,217
200,0.03,120,0.35,0.5,5,0.16039455389732482,-0.648801769162103,0.24721657911701883,447.0,2548,-0.32731970229160223,0.4641930212260845,0.13258435504432553,-0.648801769162103,0.20128564112454606,-0.46465312093906586,231
200,0.03,120,0.35,0.5,20,0.12360337162661295,-0.6783221012271154,0.1822192899258462,522.0,3786,-0.32731970229160223,0.4401118299681501,0.10530828262542058,-0.6783221012271154,0.14692161550357818,-0.45131359115180614,207
