regime.ref_vol_bear_abs,regime.ref_vol_bear_rel,regime.bear_max_baskets,simple_annual,cagr,mdd,mdd_recover_days,max_underwater_days,sharpe,calmar,worst_year,worst_month,ulcer_index,pct_days_dd_gt20,avg_exposure,n_baskets_closed,basket_win_rate,n_trades,pnl_yr_cap,mdd_cap,test_pnl_yr_cap,test_mdd_cap,train_simple_annual,train_cagr,train_mdd,train_calmar,train_sharpe,test_simple_annual,test_cagr,test_mdd,test_calmar,test_sharpe
0.04,2.2,1,1.8631504558462915,0.16716116680544135,-0.3667208633747361,430,896,0.8702523278798203,0.4558267159036071,-0.1798026080490056,-0.21536410367897996,0.11382557624502035,0.12533799904564977,0.16527192895382498,325,0.7907692307692308,18001,1.863342094178893,-3.4030874381652754,4.891702431646585,-3.4030874381652754,0.23247323381003213,0.10098579409414032,-0.3667208633747361,0.2753750991007767,0.5922218983235078,0.9883368305938436,0.2966590934409499,-0.17816617584981598,1.6650696577279445,1.3319343146922265
0.04,,1,1.8631504558462915,0.16716116680544135,-0.3667208633747361,430,896,0.8702523278798203,0.4558267159036071,-0.1798026080490056,-0.21536410367897996,0.11382557624502035,0.12533799904564977,0.16527192895382498,325,0.7907692307692308,18001,1.863342094178893,-3.4030874381652754,4.891702431646585,-3.4030874381652754,0.23247323381003213,0.10098579409414032,-0.3667208633747361,0.2753750991007767,0.5922218983235078,0.9883368305938436,0.2966590934409499,-0.17816617584981598,1.6650696577279445,1.3319343146922265
0.04,1.8,1,1.716567827777145,0.1634227951890037,-0.3667207437818292,430,896,0.8566150719103346,0.4456328090516412,-0.1798026080490056,-0.21536410367897996,0.1135891548969684,0.1256561157944966,0.16377771531016305,325,0.7692307692307693,17853,1.716744389039431,-3.282717007060095,4.4734112340854875,-3.282717007060095,0.23131548873220673,0.10071867219030683,-0.3667207437818292,0.2746467820490317,0.5909648228034503,0.9073974965491676,0.2853632909667201,-0.17609515072915471,1.6205062421373917,1.3006011701923574
,,1,1.6865232335261766,0.16611286071689535,-0.3667208633747352,430,896,0.8459265149932856,0.45296812182499757,-0.1798026080490056,-0.21536410367898007,0.12015949065442123,0.14719817023362194,0.17192329090259392,320,0.790625,18031,1.6866008671353392,-3.1762051342569664,4.286789810755317,-3.1762051342569664,0.22646071117569544,0.10170974655342668,-0.3667208633747352,0.2773492231051337,0.5858880382503726,0.913273488635829,0.28620951822024665,-0.17816617584981642,1.6064189336448709,1.2544453795203458
,2.2,1,1.6865232335261766,0.16611286071689535,-0.3667208633747352,430,896,0.8459265149932856,0.45296812182499757,-0.1798026080490056,-0.21536410367898007,0.12015949065442123,0.14719817023362194,0.17192329090259392,320,0.790625,18031,1.6866008671353392,-3.1762051342569664,4.286789810755317,-3.1762051342569664,0.22646071117569544,0.10170974655342668,-0.3667208633747352,0.2773492231051337,0.5858880382503726,0.913273488635829,0.28620951822024665,-0.17816617584981642,1.6064189336448709,1.2544453795203458
0.04,1.5,1,1.6287141027827132,0.1610359118028677,-0.3667207437818292,430,896,0.8608025285466958,0.43912408701557326,-0.1798026080490056,-0.21536410367897996,0.11345715741072761,0.1256561157944966,0.16194229360403284,323,0.7678018575851393,17620,1.6288816276618567,-3.126589258505085,4.221368575308259,-3.126589258505085,0.23131548873220673,0.10071867219030683,-0.3667207437818292,0.2746467820490317,0.5909648228034503,0.8562725572957773,0.27781313424364384,-0.18111732984300755,1.53388488271361,1.3380567010891853
,1.5,1,1.5843109174928502,0.16319303662248053,-0.3667207437818284,430,896,0.8596468054642233,0.44500628718065716,-0.1798026080490056,-0.21536410367898007,0.11784638125392012,0.14752491422970104,0.16699386931781215,319,0.7711598746081505,17560,1.5843838460906396,-2.965153083485074,4.003405312531244,-2.965153083485074,0.22531644911674698,0.1014311957929972,-0.3667207437818284,0.27658974168459155,0.584610592565918,0.8562725572957866,0.2778131342436452,-0.18111732984300666,1.5338848827136249,1.3380567010891897
,1.8,1,1.5595567497498368,0.16245943774450455,-0.3667207437818284,430,896,0.8350460954105217,0.4430058579973754,-0.1798026080490056,-0.21536410367898007,0.12031323764013983,0.14752491422970104,0.17018009435946205,321,0.7694704049844237,17815,1.5596285388700635,-2.788751092709389,3.9342601051578323,-2.788751092709389,0.22531644911674698,0.1014311957929972,-0.3667207437818284,0.27658974168459155,0.584610592565918,0.841483361868321,0.2755634458065568,-0.17609515072915505,1.5648553901997562,1.2337583222167698
0.035,2.2,1,1.5322185919661044,0.15820258888351701,-0.3667208633747364,430,896,0.8335013707356476,0.43139784147447463,-0.17980260804900716,-0.21536410367897985,0.1134296695680051,0.12527821939586645,0.16388583851015998,325,0.7815384615384615,17681,1.5323761915927068,-3.10827968510174,3.9406037955708673,-3.10827968510174,0.23439681841398677,0.10138305753180998,-0.3667208633747364,0.27645838472029055,0.5942268389577476,0.7904704098015162,0.2675596560334488,-0.1781661758498161,1.5017421503113266,1.2306194235962766
0.035,,1,1.5322185919661044,0.15820258888351701,-0.3667208633747364,430,896,0.8335013707356476,0.43139784147447463,-0.17980260804900716,-0.21536410367897985,0.1134296695680051,0.12527821939586645,0.16388583851015998,325,0.7815384615384615,17681,1.5323761915927068,-3.10827968510174,3.9406037955708673,-3.10827968510174,0.23439681841398677,0.10138305753180998,-0.3667208633747364,0.27645838472029055,0.5942268389577476,0.7904704098015162,0.2675596560334488,-0.1781661758498161,1.5017421503113266,1.2306194235962766
0.03,2.2,1,1.4650892201475871,0.1561556427368156,-0.36672086337473575,430,896,0.824059631693901,0.42581608610919713,-0.1798011826791417,-0.21536410367897996,0.1111181565388553,0.1010807374443738,0.163817758672007,319,0.786833855799373,17524,1.4652399150388022,-2.9692381888942863,3.7727614615804153,-2.9692381888942863,0.2219551213551308,0.09846257599449504,-0.36672086337473575,0.2684946121919453,0.5835747741129448,0.7898193136424582,0.2674549457544504,-0.1781661758498163,1.5011544389878992,1.2154901026335594
0.03,,1,1.4650892201475871,0.1561556427368156,-0.36672086337473575,430,896,0.824059631693901,0.42581608610919713,-0.1798011826791417,-0.21536410367897996,0.1111181565388553,0.1010807374443738,0.163817758672007,319,0.786833855799373,17524,1.4652399150388022,-2.9692381888942863,3.7727614615804153,-2.9692381888942863,0.2219551213551308,0.09846257599449504,-0.36672086337473575,0.2684946121919453,0.5835747741129448,0.7898193136424582,0.2674549457544504,-0.1781661758498163,1.5011544389878992,1.2154901026335594
0.035,1.5,1,1.4544851431718164,0.1558555452533148,-0.3667207437818283,430,896,0.8360310540941354,0.4249978979810243,-0.17980260804900716,-0.21536410367897985,0.11349714663048212,0.12559618441971382,0.16178828805821788,323,0.7678018575851393,17479,1.4546347473579717,-2.869974587891209,3.719727260459934,-2.869974587891209,0.23323170116314287,0.1011160639584574,-0.3667207437818283,0.27573041796243186,0.5929703200236418,0.7491137126316235,0.26077230122169004,-0.18111732984300688,1.4397976242678068,1.2603070974332495
0.035,1.8,1,1.4473490427244473,0.15563424183431906,-0.3667207437818283,430,896,0.8253885551804772,0.4243944322029133,-0.17980260804900716,-0.21536410367897985,0.1135813130711884,0.12559618441971382,0.1626657578868841,324,0.7623456790123457,17579,1.447497912911699,-2.940492980209773,3.6992433565006544,-2.940492980209773,0.23323170116314287,0.1011160639584574,-0.3667207437818283,0.27573041796243186,0.5929703200236418,0.7449884711099567,0.26007959263034763,-0.17609515072915494,1.4769264886252653,1.2149165296202302
0.03,1.8,1,1.4149980458520937,0.15459150208576133,-0.36672074378182884,430,896,0.8191683975100456,0.421551015880715,-0.1798011826791417,-0.21536410367897996,0.11124771799581999,0.10139860139860139,0.1627195401017275,319,0.768025078369906,17444,1.4151435885082386,-2.870418165275429,3.631105282204038,-2.870418165275429,0.22083908588748186,0.09819637993651109,-0.36672074378182884,0.267768817558165,0.5823088998386532,0.7631695728681875,0.26311077393037574,-0.17609515072915505,1.4941398036284144,1.206998387669333
0.03,1.5,1,1.3293961732923145,0.15179478748725406,-0.36672074378182884,430,896,0.8170940859615676,0.413924737177018,-0.1798011826791417,-0.21536410367897996,0.11121103717867675,0.10139860139860139,0.16175193246923322,319,0.7711598746081505,17292,1.3295329111844247,-2.726815406000775,3.3853345480572075,-2.726815406000775,0.22083908588748186,0.09819637993651109,-0.36672074378182884,0.267768817558165,0.5823088998386532,0.7115145720832785,0.2543472448739317,-0.181117329843007,1.4043230710965129,1.2163808328315087
0.025,,1,1.1999184068755873,0.14709200661777255,-0.36672086337473564,430,904,0.8012544754195736,0.4011007316686692,-0.1798026080490066,-0.2153641036789803,0.10969598365532808,0.09706115965051629,0.15926041929352158,321,0.794392523364486,16913,1.20004182705458,-2.690629231230598,3.0520961504575705,-2.690629231230598,0.20271488523320536,0.09364339954689171,-0.36672086337473564,0.2553533460985603,0.5696333407293184,0.6845209879658861,0.24957292154098254,-0.17816541862931,1.4007932822263482,1.181334488638197
0.025,2.2,1,1.1999184068755873,0.14709200661777255,-0.36672086337473564,430,904,0.8012544754195736,0.4011007316686692,-0.1798026080490066,-0.2153641036789803,0.10969598365532808,0.09706115965051629,0.15926041929352158,321,0.794392523364486,16913,1.20004182705458,-2.690629231230598,3.0520961504575705,-2.690629231230598,0.20271488523320536,0.09364339954689171,-0.36672086337473564,0.2553533460985603,0.5696333407293184,0.6845209879658861,0.24957292154098254,-0.17816541862931,1.4007932822263482,1.181334488638197
0.025,1.5,1,1.1376227200190128,0.14473217299056906,-0.3667207437818293,430,904,0.7930046049804358,0.3946659016286071,-0.1798026080490066,-0.2153641036789803,0.1101650581902403,0.09737887212073074,0.15884970594198197,321,0.7881619937694704,16829,1.1377397326416434,-2.5528503078887494,2.8750404586212066,-2.5528503078887494,0.20167507214114733,0.09337886059562606,-0.3667207437818293,0.25463206589474885,0.5683401853623931,0.6473606861763394,0.24276140733401896,-0.1811173298430071,1.3403543854386826,1.1643564990218955
0.04,2.2,0,1.114313442211711,0.14403435856751257,-0.39418719619453446,450,1177,0.7777349149438638,0.36539583212751153,-0.24139403941799287,-0.248965088158831,0.13898174000046384,0.18212183871480833,0.1495730239866207,310,0.7645161290322581,15751,1.114428057308624,-2.464570032425858,2.905843166512752,-2.464570032425858,0.147426909656321,0.0781062537765862,-0.39418719619453446,0.19814508063838823,0.4884247017891994,0.822149494556257,0.2725755255987903,-0.1868736915562389,1.458608343040945,1.2541960177506464
0.04,,0,1.114313442211711,0.14403435856751257,-0.39418719619453446,450,1177,0.7777349149438638,0.36539583212751153,-0.24139403941799287,-0.248965088158831,0.13898174000046384,0.18212183871480833,0.1495730239866207,310,0.7645161290322581,15751,1.114428057308624,-2.464570032425858,2.905843166512752,-2.464570032425858,0.147426909656321,0.0781062537765862,-0.39418719619453446,0.19814508063838823,0.4884247017891994,0.822149494556257,0.2725755255987903,-0.1868736915562389,1.458608343040945,1.2541960177506464
0.025,1.8,1,1.112960299922512,0.14376465671562788,-0.3667207437818293,430,904,0.7881516392908126,0.3920276099820435,-0.1798026080490066,-0.2153641036789803,0.11077627166099369,0.09737887212073074,0.15858276849605552,321,0.7850467289719626,16845,1.1130747758390755,-2.5019218745618477,2.8041471231776742,-2.5019218745618477,0.20167507214114733,0.09337886059562606,-0.3667207437818293,0.25463206589474885,0.5683401853623931,0.6313979340208223,0.23974476956239532,-0.19678109083265571,1.2183323537233375,1.1503829393946945
,,0,1.0555915975979016,0.14453019625114116,-0.3941871961945349,450,1177,0.7631289953566041,0.3666537057682975,-0.24139403941799376,-0.24896508815883145,0.1429909829716045,0.18706093775526875,0.1549873448994216,308,0.762987012987013,15834,1.0556401883222355,-2.221692665406627,2.662217282983321,-2.221692665406627,0.1511439349655489,0.08072853060138785,-0.3941871961945349,0.20479744492144183,0.49487436588815065,0.761979571009106,0.26291408235337443,-0.18687369155623912,1.4069079503053064,1.1778236167620553
,2.2,0,1.0555915975979016,0.14453019625114116,-0.3941871961945349,450,1177,0.7631289953566041,0.3666537057682975,-0.24139403941799376,-0.24896508815883145,0.1429909829716045,0.18706093775526875,0.1549873448994216,308,0.762987012987013,15834,1.0556401883222355,-2.221692665406627,2.662217282983321,-2.221692665406627,0.1511439349655489,0.08072853060138785,-0.3941871961945349,0.20479744492144183,0.49487436588815065,0.761979571009106,0.26291408235337443,-0.18687369155623912,1.4069079503053064,1.1778236167620553
0.04,1.8,0,1.0523399221469578,0.14151020045522467,-0.39418719619453446,450,1177,0.7728744644508249,0.3589923818463862,-0.24139403941799287,-0.248965088158831,0.13909911314312126,0.18212183871480833,0.14768661528270258,310,0.7451612903225806,15693,1.0524481628246642,-2.3231010421953515,2.728047964637199,-2.3231010421953515,0.147426909656321,0.0781062537765862,-0.39418719619453446,0.19814508063838823,0.4884247017891994,0.7718459416869758,0.26453777267578493,-0.18318044339801987,1.4441376370128631,1.2534532398769036
,1.5,0,1.0253842793519568,0.14321682998141627,-0.3941871961945349,450,1177,0.7849523114698824,0.36332187185181297,-0.24139403941799376,-0.24896508815883145,0.1409452461878985,0.18738768175134782,0.14962571901687502,307,0.758957654723127,15346,1.0254314795806891,-2.1731133185020264,2.5778399245524373,-2.1731133185020264,0.1511439349655489,0.08072853060138785,-0.3941871961945349,0.20479744492144183,0.49487436588815065,0.7378290917108882,0.25887037924520273,-0.21282638835702938,1.2163453096376926,1.2922763714562382
0.04,1.5,0,1.0104314720617142,0.13972413571068487,-0.39418719619453446,450,1177,0.7768952812904049,0.35446137535560623,-0.24139403941799287,-0.248965088158831,0.13907206142144649,0.18243995546365516,0.1456750478928411,307,0.758957654723127,15346,1.0105354021559834,-2.1983841271009554,2.607817238104123,-2.1983841271009554,0.147426909656321,0.0781062537765862,-0.39418719619453446,0.19814508063838823,0.4884247017891994,0.7378290917108895,0.2588703792452032,-0.21282638835703027,1.2163453096376897,1.2922763714562424
,1.8,0,0.9874355103178322,0.1415153708841843,-0.3941871961945349,450,1177,0.7572318323359917,0.3590054985305642,-0.24139403941799376,-0.24896508815883145,0.14310585398324333,0.18706093775526875,0.15272618446818062,308,0.7435064935064936,15676,0.9874809636984659,-2.0929594809202268,2.4718385622092893,-2.0929594809202268,0.1511439349655489,0.08072853060138785,-0.3941871961945349,0.20479744492144183,0.49487436588815065,0.7074893921225439,0.2536441553619859,-0.1831804433980191,1.384668312058081,1.1739459553903693
0.035,,0,0.956625449473025,0.13727173049408448,-0.3941871961945358,450,1177,0.7476666167844117,0.3482399525385379,-0.2413940394179941,-0.24896508815883134,0.13922911803632276,0.1820349761526232,0.14870465903814192,310,0.7548387096774194,15475,0.9567238452335424,-2.232781011557225,2.4548322550953836,-2.232781011557225,0.14736733546673494,0.07805850075728293,-0.3941871961945358,0.19802393763890846,0.48834470966042126,0.6943308152923048,0.2513242553410233,-0.18687369155623923,1.3448883748592713,1.172048162461273
0.035,2.2,0,0.956625449473025,0.13727173049408448,-0.3941871961945358,450,1177,0.7476666167844117,0.3482399525385379,-0.2413940394179941,-0.24896508815883134,0.13922911803632276,0.1820349761526232,0.14870465903814192,310,0.7548387096774194,15475,0.9567238452335424,-2.232781011557225,2.4548322550953836,-2.232781011557225,0.14736733546673494,0.07805850075728293,-0.3941871961945358,0.19802393763890846,0.48834470966042126,0.6943308152923048,0.2513242553410233,-0.18687369155623923,1.3448883748592713,1.172048162461273
0.03,,0,0.9433940780509676,0.13664148801639842,-0.39418719619453535,450,1007,0.7442596260445915,0.34664111197808783,-0.24139403941799364,-0.248965088158831,0.13343931456340632,0.14208518753973298,0.1478289418722126,304,0.7631578947368421,15251,0.9434911128704243,-2.194093165514318,2.4225807709126,-2.194093165514318,0.1446772326908649,0.07718866782724287,-0.39418719619453535,0.19581728826410053,0.48755622103037016,0.693987808125168,0.2512633366794066,-0.18687369155623934,1.344562386427676,1.1524417232300577
0.03,2.2,0,0.9433940780509676,0.13664148801639842,-0.39418719619453535,450,1007,0.7442596260445915,0.34664111197808783,-0.24139403941799364,-0.248965088158831,0.13343931456340632,0.14208518753973298,0.1478289418722126,304,0.7631578947368421,15251,0.9434911128704243,-2.194093165514318,2.4225807709126,-2.194093165514318,0.1446772326908649,0.07718866782724287,-0.39418719619453535,0.19581728826410053,0.48755622103037016,0.693987808125168,0.2512633366794066,-0.18687369155623934,1.344562386427676,1.1524417232300577
0.035,1.5,0,0.9363895080279936,0.13633881704877115,-0.3941871961945358,450,1177,0.7589588469406136,0.3458732763645789,-0.2413940394179941,-0.24896508815883134,0.13931206304745195,0.18235294117647058,0.14547368298793956,307,0.758957654723127,15200,0.9364858223773908,-2.0968720418432074,2.3967457575547786,-2.0968720418432074,0.14736733546673494,0.07805850075728293,-0.3941871961945358,0.19802393763890846,0.48834470966042126,0.6779014869293877,0.24838036992059775,-0.21282638835702983,1.1670562651466125,1.234829130693137
0.035,1.8,0,0.8994177544722686,0.1345853739763705,-0.3941871961945358,450,1177,0.7416361035918666,0.3414250266767952,-0.2413940394179941,-0.24896508815883134,0.1393916949265937,0.1820349761526232,0.14688398070519315,309,0.7378640776699029,15421,0.8995102660127285,-2.1046169622686923,2.2906197501327843,-2.1046169622686923,0.14736733546673494,0.07805850075728293,-0.3941871961945358,0.19802393763890846,0.48834470966042126,0.6478845449961524,0.24285945498704908,-0.18318044339801987,1.3257935753510373,1.1664755491198473
0.03,1.8,0,0.8869463810315363,0.13395720751653029,-0.39418719619453535,450,1007,0.7381919141025172,0.33983145269492987,-0.24139403941799364,-0.248965088158831,0.13360888285629582,0.14208518753973298,0.14600884226727812,303,0.7458745874587459,15197,0.8870376098021568,-2.068149840507023,2.260514316961195,-2.068149840507023,0.1446772326908649,0.07718866782724287,-0.39418719619453535,0.19581728826410053,0.48755622103037016,0.6475612268120566,0.2427989484203037,-0.1831804433980192,1.325463264070957,1.145762944348233
0.03,1.5,0,0.885764104453819,0.13389932425101647,-0.39418719619453535,450,1007,0.7468466083484121,0.339684610620726,-0.24139403941799364,-0.248965088158831,0.1337448475054011,0.1424030514939606,0.14466537655753234,303,0.759075907590759,14986,0.8858552116188486,-2.054983726732151,2.2571198937578094,-2.054983726732151,0.1446772326908649,0.07718866782724287,-0.39418719619453535,0.19581728826410053,0.48755622103037016,0.646588838874758,0.2426168363496679,-0.21282638835703038,1.1399753490279696,1.1858751570439583
0.025,2.2,0,0.7196218966232731,0.12485595595602539,-0.3941871961945348,450,1198,0.709267223704622,0.3167427992623279,-0.2413940394179932,-0.24896508815883134,0.1373496242177729,0.181890389197776,0.1424099236786487,304,0.7532894736842105,14417,0.7196959148754974,-1.8570147633076703,1.8045366054619936,-1.8570147633076703,0.1331512490701016,0.0733308526316443,-0.3941871961945348,0.18603052899631697,0.47342896904211706,0.5468694839484483,0.22274884697000363,-0.2218481415724558,1.004060008757178,1.0980258730645598
0.025,,0,0.7196218966232731,0.12485595595602539,-0.3941871961945348,450,1198,0.709267223704622,0.3167427992623279,-0.2413940394179932,-0.24896508815883134,0.1373496242177729,0.181890389197776,0.1424099236786487,304,0.7532894736842105,14417,0.7196959148754974,-1.8570147633076703,1.8045366054619936,-1.8570147633076703,0.1331512490701016,0.0733308526316443,-0.3941871961945348,0.18603052899631697,0.47342896904211706,0.5468694839484483,0.22274884697000363,-0.2218481415724558,1.004060008757178,1.0980258730645598
0.025,1.5,0,0.7126555037077975,0.12444199670730516,-0.3941871961945348,450,1198,0.7128403781349648,0.3156926402193235,-0.2413940394179932,-0.24896508815883134,0.13728513807928094,0.18173153296266878,0.14108580083154196,305,0.760655737704918,14315,0.7127288054167504,-1.8399831715840183,1.7845113675552586,-1.8399831715840183,0.1331512490701016,0.0733308526316443,-0.3941871961945348,0.18603052899631697,0.47342896904211706,0.5408007838251845,0.22145592235305278,-0.21282638835702994,1.0405472933250468,1.118194015676221
0.025,1.8,0,0.6686739713053236,0.12174033931820194,-0.3941871961945348,450,1198,0.6977679222744797,0.30883889810089626,-0.2413940394179932,-0.24896508815883134,0.13907401134377229,0.1830023828435266,0.1414209967538221,304,0.7467105263157895,14344,0.6687427491995152,-1.732456146860111,1.6580842968246132,-1.732456146860111,0.1331512490701016,0.0733308526316443,-0.3941871961945348,0.18603052899631697,0.47342896904211706,0.5024867331607031,0.213039688557344,-0.26429738703630745,0.8060605174582297,1.0717019541397408
