id,opened,closed,status,budget,pnl,ret,n_buys,n_sells,hold_days,reason
1,2002-05-22,2002-11-12,closed,25000.0,-1649.861558315857,-0.06599446233263428,5,3,121,time_hard
2,2002-11-12,2003-02-18,closed,24587.53461042104,303.3581828215057,0.012337885340197228,5,5,65,time_soft
3,2003-02-18,2003-05-15,closed,24663.374156126418,2077.564070474982,0.08423681436787157,20,20,61,time_soft
4,2003-04-17,2003-07-15,closed,24984.968563226852,3272.744927140358,0.1309885549328735,21,21,60,time_soft
5,2003-04-23,2003-07-21,closed,24984.968563226852,3177.5961205893327,0.1271803129368813,22,22,61,time_soft
6,2003-04-28,2003-07-23,closed,24020.185341925564,3180.597226230916,0.13241351725456527,21,21,60,time_soft
7,2003-05-15,2003-08-12,closed,25717.724592079318,3117.1407121173806,0.12120592943426318,23,21,61,time_soft
8,2003-07-15,2003-10-09,closed,28169.831675892394,2788.493039629265,0.09898862981192903,20,20,61,time_soft
9,2003-07-21,2003-10-14,closed,27965.405007474146,2545.9526314981317,0.09103936205528546,17,17,60,time_soft
10,2003-07-24,2003-10-20,closed,28288.4315646228,2531.6934521635394,0.08949571652214354,17,17,61,time_soft
11,2003-08-12,2003-11-05,closed,28614.000727153325,2974.672153958053,0.1039586243924021,15,15,60,time_soft
12,2003-10-09,2004-01-07,closed,30551.59398427755,3425.5839788356484,0.1121245582341308,18,17,61,time_soft
13,2003-10-14,2004-01-09,closed,30751.350230072643,3719.7285884325966,0.12096147195497664,18,18,60,time_soft
14,2003-10-20,2004-01-16,closed,30835.449647213616,4006.856957882781,0.12994319861474285,19,19,61,time_soft
15,2003-11-05,2004-02-04,closed,32048.990217421207,-218.90979966165105,-0.0068304741639771205,23,18,61,time_soft
16,2004-01-07,2004-04-05,closed,34109.744842435786,1734.6587954141664,0.050855226370854725,24,18,61,time_soft
17,2004-01-12,2004-04-08,closed,34398.917770913955,421.527728041679,0.012254098540219258,25,18,61,time_soft
18,2004-01-16,2004-04-30,closed,34790.19912343419,-12732.072357582323,-0.3659672171581846,26,16,72,regime_bear
19,2004-02-04,2004-04-30,closed,31536.658410809556,-9082.17183976491,-0.28798776717104213,27,17,60,regime_bear
20,2004-04-05,2004-04-30,closed,35680.99509534274,-6373.928406715013,-0.17863650914676898,10,3,18,regime_bear
21,2004-04-08,2004-10-01,closed,34798.42023515149,-6869.618723741052,-0.19741179850462676,50,39,121,time_hard
22,2004-10-01,2004-12-29,closed,25587.90146986237,1720.980047888055,0.06725756896926616,24,20,61,time_soft
23,2004-12-03,2004-12-10,closed,25971.631300956593,-609.9037584593435,-0.02348345975621791,3,1,5,regime_bear
24,2004-12-08,2004-12-10,closed,25898.16582706182,-91.39293868225214,-0.0035289348015044653,1,1,2,regime_bear
25,2005-01-07,2005-04-08,closed,25842.82230754898,603.1808826840524,0.02334036412531678,26,21,62,time_soft
26,2005-02-14,2005-04-13,closed,26068.466770772087,-2248.782400811561,-0.08626446735766183,17,11,40,regime_bear
27,2005-02-17,2005-04-13,closed,26007.936059330394,-2358.251050514918,-0.09067428669215338,16,10,37,regime_bear
28,2005-02-23,2005-04-13,closed,25452.064092544475,-2429.049820882512,-0.09543626057401133,15,9,34,regime_bear
29,2005-04-08,2005-07-06,closed,25693.342715718634,2644.1010780700744,0.10290996805380524,21,20,61,time_soft
30,2005-05-18,2005-08-15,closed,24475.81622464431,2457.257734960048,0.10039533359814469,23,20,61,time_soft
31,2005-05-23,2005-08-18,closed,24475.81622464431,2162.9566415956515,0.08837117511193783,24,22,61,time_soft
32,2005-05-26,2005-08-23,closed,22293.411675663738,2212.0376602561187,0.09922382865565865,24,22,61,time_soft
33,2005-07-06,2005-09-30,closed,26027.533412502456,2446.682384643015,0.09400362092966286,24,19,61,time_soft
34,2005-08-15,2005-11-09,closed,26875.032240905693,2503.5324140297275,0.09315458272154832,22,19,61,time_soft
35,2005-08-18,2005-11-14,closed,26683.107950135247,2600.266945294364,0.09744992787773002,21,19,61,time_soft
36,2005-08-23,2005-11-17,closed,26829.066352009453,2655.1071644418403,0.09896383010894366,21,18,61,time_soft
37,2005-09-30,2005-12-28,closed,27945.27186453392,1979.7086419628777,0.07084234683990955,20,16,61,time_soft
38,2005-11-09,2006-02-08,closed,29363.05287791519,4125.51028304029,0.1405000461019231,22,20,61,time_soft
39,2005-11-14,2006-02-13,closed,29503.997764760305,3248.916992930044,0.11011785653029584,22,20,61,time_soft
40,2005-11-17,2006-02-16,closed,29646.675881712174,3978.160231142375,0.1341857092854157,22,20,61,time_soft
41,2005-12-28,2006-03-28,closed,30020.476493469607,1289.786858904335,0.04296357052110429,23,19,61,time_soft
42,2006-02-08,2006-05-08,closed,33010.58309814955,5078.3297829564835,0.15383944500032642,24,24,61,time_soft
43,2006-02-13,2006-05-11,closed,32434.194227398177,3849.3533613377595,0.11868194826576238,23,22,61,time_soft
44,2006-02-16,2006-05-16,closed,33007.71637774491,2929.3448942511304,0.08874727535608035,26,22,61,time_soft
45,2006-03-28,2006-05-23,closed,32789.91816864912,-3691.252129912269,-0.11257277651401779,18,11,39,regime_bear
46,2006-05-08,2006-05-23,closed,36914.251547821994,-6215.31146289393,-0.16837159639664007,9,2,11,regime_bear
47,2006-05-11,2006-05-23,closed,36025.96768138248,-2637.2174598002616,-0.07320323726274602,6,2,8,regime_bear
48,2006-05-16,2006-08-16,closed,35197.26614020099,1565.1093779800485,0.04446678818024561,30,24,64,time_soft
49,2006-08-16,2006-11-10,closed,33030.19205896518,1196.0127052770795,0.036209680620141994,22,19,61,time_soft
50,2006-10-13,2006-10-23,closed,33355.87552429221,-789.1880317734034,-0.02365964074900862,4,1,6,regime_bear
51,2006-10-18,2006-10-23,closed,33207.33001093606,-133.33951729080565,-0.004015363994843711,2,1,3,regime_bear
52,2006-11-17,2007-02-20,closed,33098.5633480184,3253.5074361544775,0.09829754246264784,23,20,61,time_soft
53,2006-11-22,2007-02-23,closed,33138.84651924423,4022.6310812706934,0.12138717860727863,23,23,61,time_soft
54,2006-11-28,2007-02-28,closed,33067.51770777611,4094.2780268561964,0.12381570528027243,23,23,61,time_soft
55,2006-12-01,2007-03-05,closed,32996.895917178445,2795.0109884665176,0.08470527032245517,23,21,61,time_soft
56,2007-02-20,2007-05-17,closed,36064.089872972356,3772.7055380053243,0.10461113953780148,20,20,61,time_soft
57,2007-02-23,2007-05-22,closed,36931.19946186956,3966.5075329752794,0.10740261867396396,21,20,61,time_soft
58,2007-02-28,2007-05-25,closed,36834.663425431085,2574.0627314443354,0.06988153255846427,21,18,61,time_soft
59,2007-03-05,2007-05-31,closed,35841.3704686893,2738.764338197956,0.07641349374713548,19,16,61,time_soft
60,2007-05-17,2007-08-14,closed,39976.45090666556,487.5522434571767,0.012195986196860803,25,19,61,time_soft
61,2007-05-22,2007-08-21,closed,40116.83646644722,1388.91310095275,0.03462170059482144,27,20,63,time_soft
62,2007-05-25,2007-08-22,closed,39642.133755300136,1796.628708219815,0.045321190814548586,25,18,61,time_soft
63,2007-05-31,2007-08-27,closed,39876.299937031596,1747.8329701431458,0.043831372843095705,26,20,61,time_soft
64,2007-08-14,2007-11-08,closed,40289.42907841821,1451.7216196635804,0.03603232045899659,18,16,61,time_soft
65,2007-08-21,2007-11-15,closed,41013.98247784223,-86.15575461223989,-0.0021006434734492183,21,16,61,time_soft
66,2007-08-24,2007-11-09,closed,41627.87440904073,616.4495802528022,0.014808576921211281,17,14,54,regime_bear
67,2007-08-29,2007-11-09,closed,41719.03911423765,-96.30498896063636,-0.0023084181947941825,15,12,51,regime_bear
68,2007-12-07,2008-04-24,closed,41729.58963614026,766.6745634271265,0.018372444352128054,39,33,94,time_soft
69,2008-04-24,2008-10-15,closed,41921.25827699705,-22952.893795803633,-0.5475239708727517,47,33,121,time_hard
70,2008-10-15,2009-01-12,closed,36183.03482804615,0.0,0.0,0,0,60,time_soft
71,2009-01-12,2009-04-08,closed,36183.03482804615,0.0,0.0,0,0,60,time_soft
72,2009-04-08,2009-05-14,closed,36183.03482804615,-1022.4292925768054,-0.028257145854009496,7,3,25,regime_bear
73,2009-04-30,2009-05-14,closed,36226.81583932879,-1184.529455428708,-0.0326975868009562,5,1,10,regime_bear
74,2009-05-05,2009-05-14,closed,36225.51273244798,-445.40055009541555,-0.012295217279187342,4,1,7,regime_bear
75,2009-05-08,2009-08-04,closed,35758.67790101293,3379.948966256779,0.09452108312318323,19,19,60,time_soft
76,2009-06-11,2009-09-04,closed,35855.20547190174,3984.794790674975,0.1111357399359403,20,20,60,time_soft
77,2009-06-16,2009-09-10,closed,35525.900997296994,3239.122041427687,0.09117635163353456,17,17,60,time_soft
78,2009-06-19,2009-09-16,closed,34939.99564387204,3137.1878256271475,0.08978787111489993,17,17,61,time_soft
79,2009-08-04,2009-10-29,closed,37419.37584227309,2097.851820727582,0.056063249947574355,23,19,61,time_soft
80,2009-09-04,2009-12-02,closed,39480.547034931136,3994.1456548573997,0.10116743446648564,20,18,61,time_soft
81,2009-09-10,2009-12-07,closed,39480.547034931136,4835.241188223607,0.12247148409431965,20,20,61,time_soft
82,2009-09-16,2009-12-11,closed,39440.36372593495,4332.361981793811,0.10984589320470599,19,19,61,time_soft
83,2009-10-29,2010-01-28,closed,39517.22766300068,-321.3690249375495,-0.008132377799327304,20,18,61,time_soft
84,2009-12-02,2010-03-03,closed,42879.581042842605,1124.2520253638759,0.026218820194175714,18,16,61,time_soft
85,2009-12-07,2010-03-08,closed,43165.38259919404,1690.5995194402403,0.03916563268158792,19,17,61,time_soft
86,2009-12-11,2010-03-12,closed,43067.104818457534,1334.321077573558,0.030982372351198766,18,16,61,time_soft
87,2010-01-28,2010-04-26,closed,41087.2601582003,4887.721054879733,0.11895952750464013,17,17,60,time_soft
88,2010-03-03,2010-05-07,closed,43602.407483949464,3615.3740746297535,0.08291684526733101,19,17,46,regime_bear
89,2010-03-08,2010-06-03,closed,43953.783023372285,7209.100054082857,0.1640154625655189,27,25,61,time_soft
90,2010-03-12,2010-05-07,closed,43961.85502320831,2937.385725447266,0.06681669196844772,16,14,39,regime_bear
91,2010-04-26,2010-05-07,closed,48116.42532216811,-851.833200879186,-0.017703584486496154,5,3,9,regime_bear
92,2010-06-04,2010-06-30,closed,48176.496397318384,-2045.901533696513,-0.04246679785146005,6,3,18,regime_bear
93,2010-06-15,2010-06-30,closed,48276.19624778169,-3443.1403321668336,-0.07132169888643716,5,1,11,regime_bear
94,2010-06-18,2010-06-30,closed,48269.77087906544,-2431.02324519411,-0.0503632646462062,4,1,8,regime_bear
95,2010-06-23,2010-08-12,closed,47983.52206510797,-4598.729448814561,-0.09583976437941817,13,7,35,regime_bear
96,2010-07-28,2010-08-12,closed,46506.601328036886,-3649.615381931088,-0.07847521164121032,6,2,11,regime_bear
97,2010-08-02,2010-08-12,closed,46581.32112152849,-2942.836865418287,-0.06317632893538083,4,1,8,regime_bear
98,2010-08-05,2010-10-29,closed,43714.47596354269,4247.847456255804,0.09717255812007113,22,22,60,time_soft
99,2010-10-11,2011-01-06,closed,44104.58246117612,5084.832159460135,0.11529033664327631,18,18,61,time_soft
100,2010-10-14,2011-01-10,closed,44116.849918073385,4827.339332998343,0.10942166863597219,17,17,60,time_soft
101,2010-10-19,2011-01-13,closed,41658.83043925988,4014.645843097886,0.09636962441735825,15,15,60,time_soft
102,2010-10-29,2011-01-27,closed,45405.06750631229,5097.374789717627,0.1122644468926069,18,16,61,time_soft
103,2011-01-06,2011-04-05,closed,48828.741846739635,3820.4073551928695,0.0782409542147145,24,19,61,time_soft
104,2011-01-11,2011-04-08,closed,48828.741846739635,4055.3941341198015,0.08305342265112214,25,22,61,time_soft
105,2011-01-14,2011-04-13,closed,48706.852374072594,1186.5118067055464,0.024360264498166275,27,21,61,time_soft
106,2011-01-27,2011-04-26,closed,50502.44229603,4563.401181179493,0.09036000980764888,23,19,61,time_soft
107,2011-04-05,2011-07-05,closed,52284.76556534874,639.6725445460834,0.012234396341446362,23,18,62,time_soft
108,2011-04-08,2011-06-17,closed,52412.282151756306,-9106.92092790786,-0.1737554739848834,21,13,48,regime_bear
109,2011-04-13,2011-06-17,closed,50729.601646465046,-9249.696788484054,-0.18233332193194138,19,11,45,regime_bear
110,2011-04-26,2011-06-17,closed,53660.27160210153,-12937.263463250716,-0.2410957506734656,17,9,37,regime_bear
111,2011-07-15,2011-10-13,closed,44959.57105142076,833.8175040429655,0.01854593993099532,21,16,63,time_soft
112,2011-10-13,2012-01-10,closed,45168.02542743149,2977.8984390402884,0.0659293473836859,22,22,60,time_soft
113,2012-01-10,2012-04-09,closed,45912.500037191596,2643.134595389423,0.0575689538415103,18,16,61,time_soft
114,2012-01-18,2012-04-16,closed,46012.574830850026,2796.5664011157487,0.06077830704750599,21,18,61,time_soft
115,2012-01-23,2012-04-19,closed,46011.18162467072,2473.612439174107,0.05376111527307053,21,18,61,time_soft
116,2012-01-26,2012-04-26,closed,45713.74365605405,3044.1942235691977,0.06659253826318473,24,19,63,time_soft
117,2012-04-09,2012-05-18,closed,48243.90162513741,-11440.679898320222,-0.23714250947645316,14,6,29,regime_bear
118,2012-04-16,2012-05-18,closed,48584.61833634206,-11949.297025927111,-0.2459481505690629,12,4,24,regime_bear
119,2012-04-19,2012-08-08,closed,48472.767618912294,2007.9841793029432,0.04142499547559363,22,17,77,time_soft
120,2012-04-26,2012-05-18,closed,49306.22022762292,-10385.781074661449,-0.21063835408018158,8,1,16,regime_bear
121,2012-08-07,2012-09-26,closed,40604.595318129745,-3059.7436393017547,-0.07535461479985726,18,11,35,regime_bear
122,2012-08-10,2012-09-26,closed,40709.93349710221,-3067.681357201942,-0.07535461479985724,18,11,32,regime_bear
123,2012-08-15,2012-09-26,closed,40720.16769527884,-3590.348078175523,-0.08817124981024559,16,9,29,regime_bear
124,2012-08-20,2012-12-07,closed,40805.03747789809,357.0889924696785,0.008751100710619235,32,25,75,time_soft
125,2012-12-07,2013-03-07,closed,38369.76247654985,4394.82991936294,0.11453888780387667,22,22,60,time_soft
126,2013-01-02,2013-04-02,closed,38745.92804390869,2887.43740997859,0.07452234481792284,19,18,61,time_soft
127,2013-01-07,2013-04-05,closed,38709.18798227777,2180.692269292543,0.056335262581352255,19,17,61,time_soft
128,2013-01-10,2013-04-10,closed,37654.17140346303,4026.6583167996287,0.10693790798512431,20,18,61,time_soft
129,2013-03-07,2013-06-04,closed,41478.89915083507,4232.98540559954,0.1020515368599005,19,19,61,time_soft
130,2013-04-02,2013-06-27,closed,41453.113905049104,4391.7785826145355,0.10594568583373913,21,20,61,time_soft
131,2013-04-05,2013-07-02,closed,41223.96685896771,4051.320678108531,0.09827585714806632,19,19,61,time_soft
132,2013-04-10,2013-07-08,closed,42237.3470762142,4115.197172174657,0.09743029468089189,19,19,61,time_soft
133,2013-06-04,2013-08-30,closed,44691.663043258966,43.37030904630092,0.0009704339935687993,23,18,62,time_soft
134,2013-06-27,2013-09-24,closed,46318.246954949005,4993.407357267499,0.10780648417294998,22,20,61,time_soft
135,2013-07-02,2013-09-27,closed,46350.4112089756,4292.206609024088,0.09260342027327939,21,19,61,time_soft
136,2013-07-08,2013-10-02,closed,46399.62845294681,4844.7059661091425,0.10441260259275759,22,19,61,time_soft
137,2013-08-30,2013-11-26,closed,44002.20327521488,4046.90265961257,0.09197045507700903,21,17,61,time_soft
138,2013-09-24,2013-12-19,closed,49670.28164849299,4865.0217517951305,0.09794632907910511,21,21,61,time_soft
139,2013-09-27,2013-12-23,closed,49343.18830603488,5040.45095423997,0.10215089716088536,21,21,60,time_soft
140,2013-10-02,2013-12-27,closed,49702.34128744326,4887.546034095561,0.09833633401351144,20,20,60,time_soft
141,2013-11-26,2014-02-26,closed,52959.11968407678,5131.817396419518,0.09690148603362268,20,19,61,time_soft
142,2013-12-19,2014-03-20,closed,54209.95785153928,6031.059698416107,0.11125372417615441,20,20,61,time_soft
143,2013-12-24,2014-03-25,closed,54561.12636878432,6237.213962309455,0.11431607771715487,22,21,61,time_soft
144,2013-12-30,2014-03-28,closed,54583.62207522879,5655.066973816886,0.10360373238007002,23,20,61,time_soft
145,2014-02-26,2014-05-23,closed,58415.63266277319,6933.345987954645,0.1186899066552966,21,20,61,time_soft
146,2014-03-20,2014-06-16,closed,60376.05728936964,5432.660868650628,0.08998038481732977,16,16,60,time_soft
147,2014-03-25,2014-06-20,closed,60652.56095841179,4799.1356688034875,0.07912502939643647,15,15,61,time_soft
148,2014-03-28,2014-06-25,closed,60384.46842172762,3972.573265286086,0.06578799762782493,16,14,61,time_soft
149,2014-05-23,2014-08-20,closed,64877.69448870679,4053.24638498279,0.062475191464893,16,14,61,time_soft
150,2014-06-16,2014-09-11,closed,65349.49127382311,5050.682671098457,0.07728725308565022,18,17,61,time_soft
151,2014-06-20,2014-09-17,closed,65429.52386873281,5274.368331613321,0.08061144296563977,19,17,61,time_soft
152,2014-06-25,2014-09-22,closed,65264.94466872503,4980.7973821099395,0.07631658017013133,18,18,61,time_soft
153,2014-08-20,2014-10-13,closed,68678.5808846501,-17710.203406618988,-0.25787084093022195,16,9,37,regime_bear
154,2014-09-11,2014-10-13,closed,69854.00766030115,-19065.461489381105,-0.27293296588072824,13,6,22,regime_bear
155,2014-09-17,2014-10-13,closed,70515.74101971454,-19951.088448362923,-0.28293099044063186,11,4,18,regime_bear
156,2014-09-22,2014-12-17,closed,70452.32377118888,7084.208274672409,0.10055322373297586,22,18,61,time_soft
157,2014-11-07,2015-02-06,closed,56872.96315547689,3000.4479231045516,0.052757017686981676,21,17,61,time_soft
158,2014-11-12,2015-02-11,closed,56924.10567176815,6034.698932037409,0.10601306530548364,22,19,61,time_soft
159,2014-11-17,2015-02-17,closed,39349.38394998462,5174.24974227191,0.1314950635275176,21,21,61,time_soft
160,2014-12-17,2015-03-18,closed,58748.00447312263,7358.112692839663,0.12524872561766792,22,20,61,time_soft
161,2015-02-06,2015-05-06,closed,59630.44303152447,5170.696137573284,0.08671235487617833,23,20,61,time_soft
162,2015-02-11,2015-05-11,closed,62075.08375869581,6332.60308953585,0.10201521618806911,22,20,61,time_soft
163,2015-02-17,2015-05-14,closed,62740.07555830467,7399.012593709557,0.11793120310850785,23,20,61,time_soft
164,2015-03-18,2015-06-15,closed,64830.96694842575,6727.820882563094,0.10377480391300042,23,20,61,time_soft
165,2015-05-06,2015-07-09,closed,67058.45609411746,-15041.546160349448,-0.22430498756545234,15,7,44,regime_bear
166,2015-05-11,2015-07-09,closed,68344.5158097106,-15330.015768863992,-0.22430498756545225,15,7,41,regime_bear
167,2015-05-14,2015-07-09,closed,69060.57373013851,-15883.224926107101,-0.2299897621495657,14,6,38,regime_bear
168,2015-06-15,2015-12-04,closed,69782.4310209144,-381.31476388469946,-0.005464337632066961,30,22,121,time_hard
169,2015-12-01,2016-01-07,closed,57377.628606792205,-8503.09246564121,-0.14819525784017218,15,9,25,regime_bear
170,2015-12-04,2016-01-07,closed,57965.26658802142,-9194.508593728911,-0.15862100072923613,13,7,22,regime_bear
171,2015-12-09,2016-03-09,closed,57591.62657501724,1438.722624291734,0.024981454941504288,25,21,61,time_soft
172,2015-12-14,2016-01-07,closed,56862.63616301192,-5804.892092259113,-0.10208622891871987,8,4,16,regime_bear
173,2016-03-09,2016-06-03,closed,52295.18866754594,6136.312110027067,0.11733989811256237,18,18,60,time_soft
174,2016-03-14,2016-06-08,closed,52293.573456195336,6176.418417306752,0.11811046767497237,18,18,60,time_soft
175,2016-03-17,2016-06-14,closed,52441.27187704445,5966.952095410096,0.11378351214288644,20,19,61,time_soft
176,2016-03-22,2016-06-17,closed,52150.720669398,5378.376369760163,0.10313139110493999,19,18,61,time_soft
177,2016-06-03,2016-08-29,closed,58363.28204200198,5575.819118775342,0.09553642159401905,15,15,60,time_soft
178,2016-06-08,2016-09-02,closed,58409.786559215296,5509.546413972149,0.09432574125890054,15,15,61,time_soft
179,2016-06-14,2016-09-09,closed,58271.373543624395,1130.4336723126735,0.01939946844510853,17,14,61,time_soft
180,2016-06-17,2016-09-14,closed,57794.37151784595,2813.006178953862,0.048672666646876715,18,14,61,time_soft
181,2016-08-29,2016-11-22,closed,63295.34233301914,10086.632646719225,0.1593582130206341,25,25,60,time_soft
182,2016-09-02,2016-11-29,closed,63438.72719629815,9484.748430844304,0.14951038348382514,23,23,60,time_soft
183,2016-09-09,2016-12-06,closed,59960.699871876415,7827.277645364256,0.13054013148761648,22,22,61,time_soft
184,2016-09-14,2016-12-08,closed,61172.849645508046,7914.044322536068,0.1293718433651096,21,21,60,time_soft
185,2016-11-22,2017-02-21,closed,70686.05704988453,6041.756744587853,0.08547310455192128,17,17,60,time_soft
186,2016-11-29,2017-02-28,closed,70671.19875154537,5353.981668636784,0.07575903286230458,17,17,61,time_soft
187,2016-12-06,2017-03-07,closed,70424.94008291786,5950.368558219065,0.08449234818252084,18,18,61,time_soft
188,2016-12-09,2017-03-10,closed,71114.87474799744,5984.376973152985,0.08415084740512042,17,17,61,time_soft
189,2017-02-21,2017-05-18,closed,76210.41817898383,7134.601122804303,0.09361713651863646,20,20,61,time_soft
190,2017-02-28,2017-05-25,closed,76084.05293144894,6733.962935654447,0.08850689042185605,19,19,61,time_soft
191,2017-03-07,2017-06-01,closed,76728.45087194847,6304.8400866614575,0.0821708247072987,18,18,60,time_soft
192,2017-03-10,2017-06-06,closed,77043.14933960636,6330.699119283028,0.08217082470729868,18,18,60,time_soft
193,2017-05-18,2017-08-15,closed,83017.73580217092,7671.059946999571,0.09240266399555278,23,19,61,time_soft
194,2017-05-25,2017-08-22,closed,83337.97828011826,6220.987140300883,0.07464768486932456,25,19,61,time_soft
195,2017-06-01,2017-08-28,closed,83285.34675998733,6187.335644438817,0.07429080726852891,25,20,61,time_soft
196,2017-06-06,2017-08-31,closed,83373.84845888933,11198.153218816895,0.13431253835354107,25,21,61,time_soft
197,2017-08-15,2017-11-08,closed,90688.79574917047,6276.870582669379,0.06921329730775251,12,12,60,time_soft
198,2017-08-22,2017-11-16,closed,89558.96542041915,6803.426841572692,0.07596589363929312,13,12,61,time_soft
199,2017-08-28,2017-11-21,closed,89472.6824044261,5902.3322964415365,0.06596798193399817,12,12,60,time_soft
200,2017-08-31,2017-11-28,closed,91782.16486124172,5854.379163553741,0.06378558592951604,14,13,61,time_soft
201,2017-11-08,2018-02-07,closed,96467.58905000277,6367.188976125115,0.06600340113014291,21,19,61,time_soft
202,2017-11-16,2018-02-15,closed,97385.88885039136,9927.681697937687,0.10194168595810676,21,19,61,time_soft
203,2017-11-21,2018-02-21,closed,97639.4322107698,9699.837223061033,0.09934344151164702,20,18,61,time_soft
204,2017-11-28,2018-02-27,closed,97581.62683292537,11762.593723460446,0.12054107012993134,19,18,61,time_soft
205,2018-02-07,2018-05-07,closed,102420.7585805557,4056.1425243414815,0.03960273855178738,21,18,61,time_soft
206,2018-02-15,2018-05-15,closed,105963.86263416776,7253.179097167964,0.06844955362007722,22,21,61,time_soft
207,2018-02-21,2018-05-18,closed,106128.05132257202,7048.061841342556,0.06641092297002844,22,21,61,time_soft
208,2018-02-27,2018-05-24,closed,107351.9043171211,8617.21155563496,0.08027069114842555,22,21,61,time_soft
209,2018-05-07,2018-08-03,closed,110358.32269133412,1313.7541579101626,0.011904441150167326,21,14,62,time_soft
210,2018-05-15,2018-08-10,closed,113015.24144730525,-2664.5196183815606,-0.023576639613020034,21,16,61,time_soft
211,2018-05-18,2018-08-27,closed,113050.44956790245,4631.202370532368,0.04096580233191102,22,17,69,time_soft
212,2018-05-24,2018-08-27,closed,113986.97219979804,4669.567771549952,0.040965802331910925,22,17,65,time_soft
213,2018-08-03,2019-01-29,closed,113817.71657506166,-15846.291097802361,-0.13922517139369853,48,40,121,time_hard
214,2018-08-10,2018-10-09,closed,111047.72547481974,-4324.302559908947,-0.03894093770420799,16,11,41,regime_bear
215,2018-08-27,2018-10-09,closed,116388.5885028355,-6422.995254178248,-0.05518578184339583,13,8,30,regime_bear
216,2018-08-30,2018-10-09,closed,116444.18806526356,-6944.323486645755,-0.05963649712387247,12,7,27,regime_bear
217,2019-01-29,2019-04-26,closed,107068.3607645266,10758.721854531837,0.10048460420715032,15,15,61,time_soft
218,2019-02-06,2019-05-06,closed,107068.3607645266,11669.084593092579,0.10898723497557017,17,17,61,time_soft
219,2019-02-11,2019-05-09,closed,107112.21878086502,6843.2194441211195,0.06388831752352442,20,17,61,time_soft
220,2019-02-14,2019-05-15,closed,107024.50274818827,4386.468949599166,0.04098565129445015,22,18,62,time_soft
221,2019-04-26,2019-07-24,closed,117657.04763895745,18295.06623212407,0.15549486069261514,26,26,61,time_soft
222,2019-05-06,2019-08-01,closed,118553.2532662504,14452.154347434313,0.12190432526534922,25,24,61,time_soft
223,2019-05-09,2019-08-06,closed,114309.66529645614,5987.626668676254,0.0523807558455154,25,21,61,time_soft
224,2019-05-15,2019-08-12,closed,111410.9716977874,4848.9978013170985,0.04352352131413462,25,21,61,time_soft
225,2019-07-24,2019-10-18,closed,131593.17779958234,13082.24602252147,0.09941431798573826,20,19,61,time_soft
226,2019-08-01,2019-10-25,closed,128593.00720002541,15703.071931345683,0.12211450897108019,20,20,60,time_soft
227,2019-08-06,2019-10-31,closed,123632.25532828676,12485.515031430064,0.10098913910675388,19,19,61,time_soft
228,2019-08-12,2019-11-05,closed,121696.34262110887,12602.717955954384,0.10355872398887012,18,18,60,time_soft
229,2019-10-18,2020-01-16,closed,136936.2436094166,18177.313059645796,0.13274289246237078,21,21,61,time_soft
230,2019-10-25,2020-01-23,closed,140058.38235422916,16418.30775862281,0.11722474215858346,19,19,60,time_soft
231,2019-10-31,2020-01-30,closed,139765.0396119294,13721.371326495984,0.09817456042365563,20,19,61,time_soft
232,2019-11-05,2020-02-04,closed,141255.17344313263,14830.059254134896,0.10498772464503944,21,20,61,time_soft
233,2020-01-16,2020-06-04,closed,155838.86847493818,2064.8388769376834,0.013249832324531722,26,22,96,time_soft
234,2020-01-23,2020-03-10,closed,156058.5112584692,-7068.372282394899,-0.04529309055555471,15,10,32,regime_bear
235,2020-01-30,2020-03-10,closed,154552.77285847982,-10159.64621940496,-0.0657357744639619,12,7,27,regime_bear
236,2020-02-04,2020-03-10,closed,156060.41793105984,-10868.933915594687,-0.06964567992119611,11,6,24,regime_bear
237,2020-04-14,2020-07-09,closed,144165.59199137334,9673.571416148618,0.0671004175304706,16,16,60,time_soft
238,2020-04-17,2020-07-14,closed,144520.25275120387,10065.195717086312,0.06964557233659051,16,16,60,time_soft
239,2020-04-22,2020-07-20,closed,144782.03093090482,10514.793391489633,0.07262498891528653,16,16,61,time_soft
240,2020-06-04,2020-08-28,closed,153607.19287680864,19195.02482900508,0.12496175777653387,21,21,60,time_soft
241,2020-07-09,2020-10-05,closed,156846.90015441697,24101.30524719845,0.1536613425159855,23,23,61,time_soft
242,2020-07-14,2020-10-07,closed,157761.66992290437,24629.527319833447,0.1561185764062304,23,23,60,time_soft
243,2020-07-20,2020-10-13,closed,158541.06931929337,21873.434725575033,0.13796699378583782,21,21,60,time_soft
244,2020-08-28,2020-11-23,closed,172802.21770581347,31693.491530352305,0.1834090554573135,23,23,60,time_soft
245,2020-10-05,2020-12-31,closed,180948.20540161536,27724.905045174866,0.15322011613013412,19,19,61,time_soft
246,2020-10-08,2021-01-05,closed,181993.10257729478,29295.812974995857,0.16097210586622948,20,20,60,time_soft
247,2020-10-13,2021-01-08,closed,180812.59871031158,28034.273301515226,0.15504601726581158,19,19,60,time_soft
248,2020-11-23,2021-02-23,closed,204217.5822698172,22629.525025353756,0.11081085562679456,17,17,61,time_soft
249,2020-12-31,2021-03-31,closed,208951.23741313873,31375.949683741004,0.15015919538061612,23,22,61,time_soft
250,2021-01-06,2021-04-05,closed,210489.53642293837,31659.59451078122,0.15040935073925638,22,22,60,time_soft
251,2021-01-11,2021-04-09,closed,209646.25114117912,31839.119130935524,0.15187068195888967,23,23,61,time_soft
252,2021-02-23,2021-05-21,closed,226203.94487583177,6420.897286644376,0.028385434613746218,27,22,62,time_soft
253,2021-03-31,2021-06-28,closed,239901.8093453205,28423.703284954834,0.11848057070733078,23,18,61,time_soft
254,2021-04-06,2021-07-01,closed,241049.63516603198,29096.901203787755,0.12070916922876142,23,23,61,time_soft
255,2021-04-09,2021-07-07,closed,241418.73419378742,28523.94345780784,0.11815132555086466,23,23,61,time_soft
256,2021-05-21,2021-08-18,closed,234266.52941133676,2194.9937342924895,0.0093696429439069,23,18,61,time_soft
257,2021-06-28,2021-09-23,closed,263447.4506352916,33257.0620960627,0.12623793479824838,23,23,61,time_soft
258,2021-07-01,2021-09-28,closed,263398.0190584907,27968.660836178562,0.10618402118646073,22,22,61,time_soft
259,2021-07-07,2021-10-01,closed,262076.1138258046,22215.95218998361,0.08476908431552062,22,20,61,time_soft
260,2021-08-18,2021-11-11,closed,253574.60571975395,26786.692052922597,0.10563633521933487,16,16,60,time_soft
261,2021-09-23,2021-12-20,closed,287338.20432197594,31700.729496326974,0.1103254945548585,19,18,61,time_soft
262,2021-09-28,2021-12-23,closed,283300.6242476074,36752.51649185576,0.12972974058727704,18,18,61,time_soft
263,2021-10-01,2021-12-29,closed,280943.54588488577,36560.05123481137,0.1301330881962725,18,17,61,time_soft
264,2021-11-11,2022-02-09,closed,301775.61322093895,13620.72324821548,0.045135268230714655,23,19,61,time_soft
265,2021-12-20,2022-01-31,closed,314126.0806312325,-18052.00533952958,-0.05746738794580284,11,7,28,regime_bear
266,2021-12-23,2022-01-31,closed,320619.7639533434,-18425.18035819852,-0.05746738794580284,11,7,25,regime_bear
267,2021-12-29,2022-01-31,closed,321463.14891246636,-9350.254940004279,-0.029086553067239226,10,7,22,regime_bear
268,2022-02-28,2022-04-06,closed,307126.0453934993,-5875.587314975295,-0.01913086631075952,9,7,27,regime_bear
269,2022-03-29,2022-04-06,closed,308037.73691252625,-9444.616779926404,-0.030660583584953424,4,2,6,regime_bear
270,2022-04-01,2022-08-02,closed,306286.8067636238,-14.414563078618812,-4.706230487342937e-05,24,20,83,time_soft
271,2022-08-02,2022-11-11,closed,303292.3907290041,9690.656029308091,0.03195153035661493,35,27,72,time_soft
272,2022-11-11,2023-02-10,closed,305715.05473633116,25850.372288076305,0.08455707982837604,20,20,61,time_soft
273,2023-01-13,2023-04-13,closed,308080.83213469153,42701.91124809466,0.13860619290143172,28,25,61,time_soft
274,2023-01-19,2023-04-18,closed,306610.76503295556,36855.62642978192,0.12020330214374748,26,23,61,time_soft
275,2023-01-24,2023-04-21,closed,302453.5670413459,27216.16329515069,0.08998460015328634,26,22,61,time_soft
276,2023-02-10,2023-05-10,closed,319631.55833568744,16975.52791809333,0.053109674171362885,27,19,61,time_soft
277,2023-04-13,2023-07-12,closed,346895.29946157767,57369.74499543017,0.1653805776108087,23,21,61,time_soft
278,2023-04-18,2023-07-17,closed,347602.38228181016,62420.52409444095,0.17957450028013627,23,23,61,time_soft
279,2023-04-21,2023-07-20,closed,341355.052127352,51069.96766294235,0.1496095263411812,22,22,61,time_soft
280,2023-05-10,2023-08-08,closed,336607.0862537809,45153.3994747882,0.13414274778738716,19,19,61,time_soft
281,2023-07-12,2023-10-09,closed,392510.7606189214,4240.45768257192,0.010803417658882658,24,18,62,time_soft
282,2023-07-17,2023-10-11,closed,397864.97998690757,15330.140414525922,0.03853101224196808,23,18,61,time_soft
283,2023-07-20,2023-10-17,closed,393172.4878430365,4146.999706381168,0.010547532786772064,23,19,62,time_soft
284,2023-08-08,2023-10-27,closed,401227.92930269055,-32708.17364122765,-0.08152018155384258,26,18,57,regime_bear
285,2023-10-09,2023-10-27,closed,400448.5169020608,-25226.1902566121,-0.06299484001530654,8,3,14,regime_bear
286,2023-10-12,2023-10-27,closed,411633.6649035566,-25930.79686551379,-0.06299484001530639,8,3,11,regime_bear
287,2023-10-17,2024-01-16,closed,398880.9430472943,55104.104289653136,0.13814674591540863,20,19,61,time_soft
288,2023-11-24,2024-02-22,closed,390387.1991122388,53579.25814031447,0.13724645239945507,19,19,60,time_soft
289,2023-11-29,2024-02-28,closed,391251.0802375235,50409.397533273885,0.12884155489787016,18,18,61,time_soft
290,2023-12-04,2024-03-01,closed,347806.6709951917,47303.76651765729,0.13600592070964404,17,17,60,time_soft
291,2024-01-16,2024-04-12,closed,409572.55936771294,38900.224990740935,0.09497761532362924,21,20,61,time_soft
292,2024-02-22,2024-05-20,closed,438514.4758948358,51926.67497521734,0.11841496194454106,23,20,61,time_soft
293,2024-02-28,2024-05-24,closed,438048.56845324807,47693.25157858228,0.108876629244532,21,21,61,time_soft
294,2024-03-04,2024-05-30,closed,442910.0652091096,47163.94730663867,0.10648651049366267,22,22,61,time_soft
295,2024-04-12,2024-07-10,closed,451952.87572687666,59024.45713662238,0.1305986980206581,20,20,60,time_soft
296,2024-05-20,2024-08-16,closed,484988.7195262147,42907.73475754859,0.0884716139366399,22,20,61,time_soft
297,2024-05-24,2024-08-06,closed,487175.2648120729,1524.4290628777162,0.003129118354286239,21,16,49,regime_bear
298,2024-05-30,2024-08-06,closed,486060.36022620037,-5038.262533663743,-0.010365507961437261,19,14,46,regime_bear
299,2024-07-10,2024-08-06,closed,521206.6312964581,-39513.367659568896,-0.07581132949379919,10,5,19,regime_bear
300,2024-09-03,2024-11-27,closed,494827.8773720347,7494.291983498675,0.015145250149001036,21,17,61,time_soft
301,2024-09-13,2024-11-14,closed,495772.25880857033,16959.95408350932,0.034209163143309254,16,13,44,regime_bear
302,2024-09-18,2024-11-14,closed,495243.00605995255,10075.97804278857,0.02034552314620432,14,11,41,regime_bear
303,2024-09-23,2024-11-14,closed,493468.3672475815,8654.99287522183,0.017539103719042385,13,10,38,regime_bear
304,2024-12-12,2025-03-25,closed,505624.18161828927,570.1274516169469,0.0011275715686544301,24,21,68,time_soft
305,2025-01-21,2025-01-28,closed,509167.2880457501,-28213.885342099675,-0.055411818481875014,3,1,5,regime_bear
306,2025-01-24,2025-01-28,closed,508172.7420269411,467.7735231191396,0.000920501011631081,1,1,2,regime_bear
307,2025-03-25,2025-06-23,closed,498830.18552644824,19130.839804669424,0.03835140767289252,13,12,61,time_soft
308,2025-06-05,2025-09-03,closed,501647.89041940984,63363.63972757595,0.12631098612734099,19,18,61,time_soft
309,2025-06-10,2025-09-08,closed,502016.3174336266,75717.29148655743,0.15082635535361513,20,20,61,time_soft
310,2025-06-13,2025-09-10,closed,492826.34872630774,62845.14555895766,0.12751985708836128,18,18,60,time_soft
311,2025-06-23,2025-09-17,closed,507070.27012936317,53285.1130301174,0.10508427760224114,17,17,60,time_soft
312,2025-09-03,2025-11-28,closed,558250.6796508059,69070.89162944125,0.1237273757958452,18,17,61,time_soft
313,2025-09-08,2025-12-03,closed,567415.6929284176,74582.97500673564,0.13144327154896765,18,18,61,time_soft
314,2025-09-11,2025-12-08,closed,567415.6929284176,78296.7932545241,0.1379884170112328,19,18,61,time_soft
315,2025-09-17,2025-12-12,closed,567362.8013923938,65291.299734530956,0.11507856978690932,19,19,61,time_soft
316,2025-11-28,2026-02-27,closed,635547.2020135488,59729.86341610627,0.0939817895930772,16,16,61,time_soft
317,2025-12-03,2026-03-04,closed,638824.3841171472,53300.681299498305,0.08343557732718615,18,16,61,time_soft
318,2025-12-08,2026-03-09,closed,642078.7938144464,51564.63587089436,0.08030889100784717,20,17,61,time_soft
319,2025-12-12,2026-03-13,closed,635104.3509286914,38253.719028301435,0.060232179125153724,19,16,61,time_soft
320,2026-02-27,2026-05-26,closed,697007.7383579013,74668.74209806524,0.10712756543274436,16,16,60,time_soft
321,2026-03-04,2026-06-01,closed,691395.5506458081,68575.53126021185,0.09918422413357719,15,15,61,time_soft
322,2026-03-09,2026-06-03,closed,692324.3110759052,68152.0290288797,0.09843945668030663,13,13,60,time_soft
323,2026-03-13,2026-06-10,closed,679026.0308740868,55091.903135292676,0.08113371303950567,16,15,61,time_soft
324,2026-05-26,,active,754512.397552682,32151.521195390844,0.04261231664274402,16,11,41,
325,2026-06-01,,active,756189.6865995156,22426.55500045177,0.029657314028310813,15,10,37,
326,2026-06-04,,active,761773.3071164995,16050.529363858746,0.021069955082324912,14,9,34,
327,2026-06-10,,active,753145.8953067277,-968.2611226576264,-0.0012856222528614995,11,6,30,
